識別號,年度,承接代表,系所代碼,主聘系所,教師姓名,專兼任,狀態,所屬計畫案,專利/新品種名稱,國別,專利類型,技術報告代碼,進度狀況,技術報告審核完成日期,作者順序,申請人/權利人,申請人/權利人類型,申請日期/公告日期,終止日期,發照機關,證書字號
176308,114,學校,4641,高齡暨健康照護管理系,石惠美,專任,續聘,,推車,國內,設計專利,,已核准,,第一作者,長庚學校財團法人長庚科技大學,本校,2025/02/11,2039/07/01,經濟部智慧財產局,D236391
176309,114,學校,4641,高齡暨健康照護管理系,石惠美,專任,續聘,,移位輔具,國內,設計專利,,已核准,,第一作者,長庚學校財團法人長庚科技大學,本校,2025/02/11,2039/06/04,經濟部智慧財產局,D236348
176310,114,學校,4641,高齡暨健康照護管理系,石惠美,專任,續聘,,置物架,國內,設計專利,,已核准,,第一作者,長庚學校財團法人長庚科技大學,本校,2025/02/11,2039/06/05,經濟部智慧財產局,D236350
176311,114,學校,4641,高齡暨健康照護管理系,石惠美,專任,續聘,,支撐架,國內,設計專利,,已核准,,第一作者,長庚學校財團法人長庚科技大學,本校,2025/02/11,2039/06/04,經濟部智慧財產局,D236349
176312,114,學校,4641,高齡暨健康照護管理系,石惠美,專任,續聘,,尿杯架,國內,設計專利,,已核准,,第一作者,長庚學校財團法人長庚科技大學,本校,2025/02/11,2039/07/01,經濟部智慧財產局,D236392
176313,114,學校,4641,高齡暨健康照護管理系,石惠美,專任,續聘,,固定夾,國內,設計專利,,已核准,,第一作者,長庚學校財團法人長庚科技大學,本校,2025/03/21,2039/06/04,經濟部智慧財產局,D237118
176314,114,學校,4641,高齡暨健康照護管理系,石惠美,專任,續聘,,盒組,國內,設計專利,,已核准,,第一作者,長庚學校財團法人長庚科技大學,本校,2025/03/21,2039/06/06,經濟部智慧財產局,D237121
176239,114,學校,4641,高齡暨健康照護管理系,江貞紅,專任,續聘,,多功能折疊輪椅桌板,國內,發明專利,,已核准,,第二作者,長庚學校財團法人長庚科技大學,本校,2025/03/21,2044/02/28,經濟部智慧財產局,I878035
176247,114,學校,4641,高齡暨健康照護管理系,宋雅俐,專任,續聘,,具遮雨結構之輪椅,國內,發明專利,,已核准,,第四(以上)作者,長庚學校財團法人長庚科技大學,本校,2025/05/21,2044/04/18,經濟部智慧財產局,I884770
176266,114,學校,4641,高齡暨健康照護管理系,巫奉約,兼任,續聘,,卡牌組,國內,設計專利,,已核准,,第二作者,長庚學校財團法人長庚科技大學,本校,2025/08/11,2040/08/10,經濟部智慧財產局,D239908
176270,114,學校,4641,高齡暨健康照護管理系,巫奉約,兼任,續聘,,卡牌組(Brainy box),國內,設計專利,,已核准,,第二作者,長庚學校財團法人長庚科技大學,本校,2025/09/21,2040/09/20,經濟部智慧財產局,D240604
176273,114,學校,4641,高齡暨健康照護管理系,巫奉約,兼任,續聘,,卡牌組(字慧),國內,設計專利,,已核准,,第二作者,長庚學校財團法人長庚科技大學,本校,2025/09/21,2040/09/20,經濟部智慧財產局,D240603
176283,114,學校,4641,高齡暨健康照護管理系,巫奉約,兼任,續聘,,卡牌組,國內,設計專利,,已核准,,第二作者,長庚學校財團法人長庚科技大學,本校,2025/11/21,2040/11/20,經濟部智慧財產局,D241626
175036,114,學校,4641,高齡暨健康照護管理系,施福忠,專任,續聘,,卡牌組,國內,設計專利,,已核准,,第一作者,長庚學校財團法人長庚科技大學,本校,2025/09/21,2039/12/10,經濟部智慧財產局,D240603
176238,114,學校,4641,高齡暨健康照護管理系,施福忠,專任,續聘,,多功能折疊輪椅桌板,國內,發明專利,,已核准,,第一作者,長庚學校財團法人長庚科技大學,本校,2025/03/21,2044/02/28,經濟部智慧財產局,I878035
176243,114,學校,4641,高齡暨健康照護管理系,施福忠,專任,續聘,,具遮雨結構之輪椅,國內,發明專利,,已核准,,第一作者,長庚學校財團法人長庚科技大學,本校,2025/05/21,2044/04/18,經濟部智慧財產局,I884770
176265,114,學校,4641,高齡暨健康照護管理系,施福忠,專任,續聘,,卡牌組,國內,設計專利,,已核准,,第一作者,長庚學校財團法人長庚科技大學,本校,2025/08/11,2040/08/10,經濟部智慧財產局,D239908
176269,114,學校,4641,高齡暨健康照護管理系,施福忠,專任,續聘,,卡牌組(Brainy box),國內,設計專利,,已核准,,第一作者,長庚學校財團法人長庚科技大學,本校,2025/09/21,2040/09/20,經濟部智慧財產局,D240604
176272,114,學校,4641,高齡暨健康照護管理系,施福忠,專任,續聘,,卡牌組(字慧),國內,設計專利,,已核准,,第一作者,長庚學校財團法人長庚科技大學,本校,2025/09/21,2040/09/20,經濟部智慧財產局,D240603
176282,114,學校,4641,高齡暨健康照護管理系,施福忠,專任,續聘,,卡牌組,國內,設計專利,,已核准,,第一作者,長庚學校財團法人長庚科技大學,本校,2025/11/21,2040/11/20,經濟部智慧財產局,D241626
176262,114,學校,4641,高齡暨健康照護管理系,劉杏元,專任,續聘,,下肢復健裝置,國內,發明專利,,已核准,,第二作者,長庚學校財團法人長庚科技大學,本校,2025/08/01,2044/11/06,經濟部智慧財產局,I892889
176274,114,學校,4641,高齡暨健康照護管理系,蔡碧藍,專任,續聘,,教具,國內,設計專利,,已核准,,第一作者,長庚學校財團法人長庚科技大學,本校,2025/09/21,2040/04/14,經濟部智慧財產局,D240695
176287,114,學校,1531,護理系,余怡珍,專任,續聘,,Nail Clipper Device,美國,發明專利,,已核准,,第一作者,長庚學校財團法人長庚科技大學,本校,2025/12/02,2044/06/27,United States Patent,"US12,484,680B2"
176279,114,學校,1531,護理系,吳淑美,專任,續聘,,新生兒呼吸評估之輔助警示系統,國內,發明專利,,已核准,,第二作者,長庚學校財團法人長庚科技大學,本校,2025/11/01,2045/02/12,經濟部智慧財產局,I904008
176240,114,學校,1531,護理系,呂雀芬,專任,續聘,,多功能折疊輪椅桌板,國內,發明專利,,已核准,,第三作者,長庚學校財團法人長庚科技大學,本校,2025/03/21,2044/02/28,經濟部智慧財產局,I878035
176246,114,學校,1531,護理系,呂雀芬,專任,續聘,,具遮雨結構之輪椅,國內,發明專利,,已核准,,第四(以上)作者,長庚學校財團法人長庚科技大學,本校,2025/05/21,2044/04/18,經濟部智慧財產局,I884770
176227,114,學校,1531,護理系,李香君,專任,續聘,,灌食器,國內,設計專利,,已核准,,第四(以上)作者,長庚學校財團法人長庚科技大學,本校,2025/01/01,2039/05/07,經濟部智慧財產局,D235817
176229,114,學校,1531,護理系,李香君,專任,續聘,,居家肢體復健裝置,國內,設計專利,,已核准,,第四(以上)作者,長庚學校財團法人長庚科技大學,本校,2025/01/01,2039/05/20,經濟部智慧財產局,D235824
176251,114,學校,1531,護理系,李香君,專任,續聘,,肌肉訓練裝置,國內,發明專利,,已核准,,第四(以上)作者,長庚學校財團法人長庚科技大學,本校,2025/06/11,2044/05/26,經濟部智慧財產局,I886975
176276,114,學校,1531,護理系,李香君,專任,續聘,,引流瓶結構(原液體收集瓶),國內,發明專利,,已核准,,第四(以上)作者,長庚學校財團法人長庚科技大學,本校,2025/11/01,2044/11/01,經濟部智慧財產局,I903886
176284,114,學校,1531,護理系,邱小鳳,專任,續聘,,居家照護自動化服藥監測系統 (可智能監測用藥之居家照護裝置),國內,發明專利,,已核准,,第一作者,長庚學校財團法人長庚科技大學,本校,2025/12/01,2044/11/07,經濟部智慧財產局,I907155
176249,114,學校,1531,護理系,孫瑞瓊,專任,續聘,,引流管固定器,國內,設計專利,,已核准,,第一作者,長庚學校財團法人長庚科技大學,本校,2025/05/21,2039/10/28,經濟部智慧財產局,D238432
176255,114,學校,1531,護理系,孫瑞瓊,專任,續聘,,應用程式之圖形化使用者介面,國內,設計專利,,已核准,,第一作者,長庚學校財團法人長庚科技大學,本校,2025/06/11,2039/10/28,經濟部智慧財產局,D238847
176278,114,學校,1531,護理系,孫瑞瓊,專任,續聘,,新生兒呼吸評估之輔助警示系統,國內,發明專利,,已核准,,第一作者,長庚學校財團法人長庚科技大學,本校,2025/11/01,2045/02/12,經濟部智慧財產局,I904008
176234,114,學校,1531,護理系,徐瑩媺,專任,續聘,,自動判斷攝入食物之紀錄系統,國內,發明專利,,已核准,,第一作者,長庚學校財團法人長庚科技大學,本校,2025/02/11,2044/06/26,經濟部智慧財產局,I873055
176267,114,學校,1531,護理系,徐瑩媺,專任,續聘,,加藥器,國內,設計專利,,已核准,,第一作者,長庚學校財團法人長庚科技大學,本校,2025/08/11,2040/02/02,經濟部智慧財產局,D239934
176242,114,學校,1531,護理系,張文,專任,續聘,,可折疊黏合形成尿杯之片體,國內,設計專利,,已核准,,第一作者,長庚學校財團法人長庚科技大學,本校,2025/04/11,2039/10/08,經濟部智慧財產局,D237694
176280,114,學校,1531,護理系,張文,專任,續聘,,智能鞋扣,國內,設計專利,,已核准,,第一作者,長庚學校財團法人長庚科技大學,本校,2025/11/01,2040/05/20,經濟部智慧財產局,D241432
176236,114,學校,1531,護理系,陳麗琴,兼任,新任,,自動判斷攝入食物之紀錄系統,國內,發明專利,,已核准,,第三作者,長庚學校財團法人長庚科技大學,本校,2025/02/11,2044/06/26,經濟部智慧財產局,I873055
176235,114,學校,1531,護理系,曾瑛容,專任,續聘,,自動判斷攝入食物之紀錄系統,國內,發明專利,,已核准,,第二作者,長庚學校財團法人長庚科技大學,本校,2025/02/11,2044/06/26,經濟部智慧財產局,I873055
176225,114,學校,1531,護理系,董靜娟,專任,續聘,,具反抽功能之灌食裝置,國內,發明專利,,已核准,,第一作者,長庚學校財團法人長庚科技大學,本校,2025/01/01,2044/03/10,經濟部智慧財產局,I869229
176226,114,學校,1531,護理系,董靜娟,專任,續聘,,可線性調整灌食流速之夾式灌食架,國內,發明專利,,已核准,,第一作者,長庚學校財團法人長庚科技大學,本校,2025/01/01,2044/02/26,經濟部智慧財產局,I869216
176232,114,學校,1531,護理系,劉杏元,專任,續聘,,自動甦醒球及自動按壓裝置,國內,發明專利,,已核准,,第二作者,長庚學校財團法人長庚科技大學,本校,2025/01/01,2043/11/07,經濟部智慧財產局,I869037
176253,114,學校,1531,護理系,劉杏元,專任,續聘,,手套穿戴機,國內,設計專利,,已核准,,第二作者,長庚學校財團法人長庚科技大學,本校,2025/06/11,2039/10/16,經濟部智慧財產局,D238834
176257,114,學校,1531,護理系,劉杏元,專任,續聘,,自動手套穿戴機,國內,發明專利,,已核准,,第二作者,長庚學校財團法人長庚科技大學,本校,2025/07/11,2044/10/16,經濟部智慧財產局,I890604
176259,114,學校,1531,護理系,劉杏元,專任,續聘,,氧氣帳,國內,設計專利,,已核准,,第二作者,長庚學校財團法人長庚科技大學,本校,2025/07/11,2040/07/10,經濟部智慧財產局,D239381
176228,114,學校,1531,護理系,蔣宜倩,專任,續聘,,灌食器,國內,設計專利,,已核准,,第四(以上)作者,長庚學校財團法人長庚科技大學,本校,2025/01/01,2039/05/07,經濟部智慧財產局,D235817
176230,114,學校,1531,護理系,蔣宜倩,專任,續聘,,居家肢體復健裝置,國內,設計專利,,已核准,,第四(以上)作者,長庚學校財團法人長庚科技大學,本校,2025/01/01,2039/05/20,經濟部智慧財產局,D235824
176250,114,學校,1531,護理系,蔣宜倩,專任,續聘,,肌肉訓練裝置,國內,發明專利,,已核准,,第四(以上)作者,長庚學校財團法人長庚科技大學,本校,2025/06/11,2044/05/26,經濟部智慧財產局,I886975
176275,114,學校,1531,護理系,蔣宜倩,專任,續聘,,引流瓶結構(原液體收集瓶),國內,發明專利,,已核准,,第一作者,長庚學校財團法人長庚科技大學,本校,2025/11/01,2044/11/01,經濟部智慧財產局,I903886
176237,114,學校,1531,護理系,蕭冰如,專任,續聘,,尿杯架,國內,設計專利,,已核准,,第二作者,長庚學校財團法人長庚科技大學,本校,2025/02/11,2039/07/01,經濟部智慧財產局,D236392
176258,114,學校,1531,護理系,蕭冰如,專任,續聘,,氧氣帳,國內,設計專利,,已核准,,第一作者,長庚學校財團法人長庚科技大學,本校,2025/07/11,2040/07/10,經濟部智慧財產局,D239381
176261,114,學校,1531,護理系,蕭冰如,專任,續聘,,下肢復健裝置,國內,發明專利,,已核准,,第一作者,長庚學校財團法人長庚科技大學,本校,2025/08/01,2044/11/06,經濟部智慧財產局,I892889
176277,114,學校,1531,護理系,蕭雅竹,專任,續聘,,引流瓶結構(原液體收集瓶),國內,發明專利,,已核准,,第四(以上)作者,長庚學校財團法人長庚科技大學,本校,2025/11/01,2044/11/01,經濟部智慧財產局,I903886
176248,114,學校,1531,護理系,謝佩玲,專任,續聘,,繃帶固定扣,國內,設計專利,,已核准,,第一作者,長庚學校財團法人長庚科技大學,本校,2025/05/21,2039/11/06,經濟部智慧財產局,D238436
176263,114,學校,1531,護理系,謝佩玲,專任,續聘,,靠背椅墊,國內,設計專利,,已核准,,第一作者,長庚學校財團法人長庚科技大學,本校,2025/08/11,2040/01/22,經濟部智慧財產局,D239881
176315,114,學校,1531,護理系,謝佩玲,專任,續聘,,應用程式之圖形化使用者介面,國內,設計專利,,已核准,,第一作者,長庚學校財團法人長庚科技大學,本校,2025/03/21,2039/09/17,經濟部智慧財產局,D237188
176316,114,學校,1531,護理系,謝佩玲,專任,續聘,,兒童輪椅,國內,設計專利,,已核准,,第一作者,長庚學校財團法人長庚科技大學,本校,2025/03/21,2039/09/17,經濟部智慧財產局,D237189
176231,114,學校,1531,護理系,韓晶彥,專任,續聘,,自動甦醒球及自動按壓裝置,國內,發明專利,,已核准,,第一作者,長庚學校財團法人長庚科技大學,本校,2025/01/01,2043/11/07,經濟部智慧財產局,I869037
176252,114,學校,1531,護理系,韓晶彥,專任,續聘,,手套穿戴機,國內,設計專利,,已核准,,第一作者,長庚學校財團法人長庚科技大學,本校,2025/06/11,2039/10/16,經濟部智慧財產局,D238834
176254,114,學校,1531,護理系,韓晶彥,專任,續聘,,點眼藥輔具,國內,設計專利,,已核准,,第一作者,長庚學校財團法人長庚科技大學,本校,2025/06/11,2039/10/16,經濟部智慧財產局,D238835
176256,114,學校,1531,護理系,韓晶彥,專任,續聘,,自動手套穿戴機,國內,發明專利,,已核准,,第一作者,長庚學校財團法人長庚科技大學,本校,2025/07/11,2044/10/16,經濟部智慧財產局,I890604
176233,114,學校,1531,護理系,瞿馥苓,專任,續聘,,自動抽取藥物之方法及其自動抽取藥物機構,國內,發明專利,,已核准,,第一作者,長庚學校財團法人長庚科技大學,本校,2025/02/11,2044/05/19,經濟部智慧財產局,I873041
176260,114,學校,1531,護理系,羅高文,專任,續聘,,發光飾品之部分,國內,設計專利,,已核准,,第一作者,長庚學校財團法人長庚科技大學,本校,2025/07/11,2039/09/17,經濟部智慧財產局,D239345
176286,114,學校,3353,化妝品應用系,張祐嘉,兼任,續聘,,白及萃取物治療嗜中性白血球活化失調相關疾病的用途,國內,發明專利,,已核准,,第二作者,長庚學校財團法人長庚科技大學,本校,2025/12/11,2042/03/23,經濟部智慧財產局,I907676
176307,114,學校,3353,化妝品應用系,張祐嘉,兼任,續聘,,"9,11-SECOSTEROIDS AND THE USE OF 9,11-SECOSTEROIDS IN PREPARING PHARMACEUTICAL COMPOSITIONS FOR INHIBITING INFLAMMATION",美國,發明專利,,已核准,,第二作者,長庚學校財團法人長庚科技大學,本校,2025/04/15,2041/07/02,United States Patent and,"US12,274,704B2"
176530,114,學校,3353,化妝品應用系,張祐嘉,兼任,續聘,,慢性創傷治癒を促進するための医薬組成物製造のためのアマナラン(Bletilla Formosana(Hayata) Schiltr.)抽出物の使用,國外(不含美國),發明專利,,已核准,,第二作者,長庚學校財團法人長庚科技大學,本校,2025/09/29,2043/10/11,日本特許廳,7750548
176241,114,學校,3353,化妝品應用系,廖婉玉,專任,續聘,,磨甲器,國內,設計專利,,已核准,,第一作者,長庚學校財團法人長庚科技大學,本校,2025/03/21,2039/06/16,經濟部智慧財產局,D237127
176293,114,學校,1532,幼兒保育系,田佳靈,專任,續聘,,幼兒防疫教具,國內,設計專利,,已核准,,第一作者,長庚學校財團法人長庚科技大學,本校,2025/06/01,2039/06/27,經濟部智慧財產局,D236908
176294,114,學校,1532,幼兒保育系,常雅珍,專任,續聘,,幼兒教具,國內,發明專利,,已核准,,第一作者,長庚學校財團法人長庚科技大學,本校,2025/07/01,2044/08/18,經濟部智慧財產局,I889504
176295,114,學校,1532,幼兒保育系,常雅珍,專任,續聘,,幼兒教具,國內,發明專利,,已核准,,第一作者,長庚學校財團法人長庚科技大學,本校,2025/06/01,2044/08/18,經濟部智慧財產局,I886021
176296,114,學校,1532,幼兒保育系,常雅珍,專任,續聘,,兒童遊戲教具,國內,設計專利,,已核准,,第一作者,長庚學校財團法人長庚科技大學,本校,2025/03/11,2039/08/19,中華民國,D236986
176297,114,學校,1532,幼兒保育系,常雅珍,專任,續聘,,食育教具,國內,設計專利,,已核准,,第一作者,長庚學校財團法人長庚科技大學,本校,2025/03/11,2039/08/19,經濟部智慧財產局,D236985
176298,114,學校,1532,幼兒保育系,常雅珍,專任,續聘,,環保教具,國內,設計專利,,已核准,,第一作者,長庚學校財團法人長庚科技大學,本校,2025/03/11,2039/08/18,經濟部智慧財產局,D236984
176299,114,學校,1532,幼兒保育系,常雅珍,專任,續聘,,教具,國內,設計專利,,已核准,,第一作者,長庚學校財團法人長庚科技大學,本校,2025/03/11,2039/08/18,經濟部智慧財產局,D236982
176300,114,學校,1532,幼兒保育系,常雅珍,專任,續聘,,教具,國內,設計專利,,已核准,,第一作者,長庚學校財團法人長庚科技大學,本校,2025/03/11,2039/08/18,經濟部智慧財產局,D236983
176285,114,學校,4444,健康產業科技研究所,黃聰龍,專任,續聘,,白及萃取物治療嗜中性白血球活化失調相關疾病的用途,國內,發明專利,,已核准,,第一作者,長庚學校財團法人長庚科技大學,本校,2025/12/11,2042/03/23,經濟部智慧財產局,I907676
176301,114,學校,4444,健康產業科技研究所,黃聰龍,專任,續聘,,化合物及其合成方法與應用,國內,發明專利,,已核准,,第三作者,國立成功大學,其他學校或機構,2025/12/11,2043/12/11,經濟部智慧財產局,I907890
176302,114,學校,4444,健康產業科技研究所,黃聰龍,專任,續聘,, 好中球の活性化の調節不全に関連する疾患の処置のためのアマナラン抽出物の使用 ,國外(不含美國),發明專利,,已核准,,第一作者,長庚大學,其他學校或機構,2025/10/14,2042/03/24,日本特許廳,7758308
176303,114,學校,4444,健康產業科技研究所,黃聰龍,專任,續聘,,一種草藥萃取物用於製備抑制一個體感染新型冠狀病毒的醫藥組合物之用途,大陸,發明專利,,已核准,,第一作者,長庚學校財團法人長庚科技大學,本校,2025/05/27,2042/04/13,國家知識產權局,ZL202210386047.0
176304,114,學校,4444,健康產業科技研究所,黃聰龍,專任,續聘,,"9,11-SECOSTEROIDS AND THE USE OF 9,11-SECOSTEROIDS IN PREPARING PHARMACEUTICAL COMPOSITIONS FOR INHIBITING INFLAMMATION",美國,發明專利,,已核准,,第一作者,長庚學校財團法人長庚科技大學,本校,2025/04/15,2041/04/28,United States Patent and,"US12,274,704B2"
176305,114,學校,4444,健康產業科技研究所,黃聰龍,專任,續聘,,馬卡多種萃取物及其用途,國內,發明專利,,已核准,,第四(以上)作者,高雄醫學大學,其他學校或機構,2025/03/01,2042/05/16,經濟部智慧財產局,I874771
176306,114,學校,4444,健康產業科技研究所,黃聰龍,專任,續聘,,洋蔥萃取物、其製備方法及其用於促進毛髮生長之用途,國內,發明專利,,已核准,,第二作者,台塑生醫科技股份有限公司,企業,2025/02/21,2043/11/26,經濟部智慧財產局,I874007
176529,114,學校,4444,健康產業科技研究所,黃聰龍,專任,續聘,,慢性創傷治癒を促進するための医薬組成物製造のためのアマナラン(Bletilla Formosana(Hayata) Schiltr.)抽出物の使用,國外(不含美國),發明專利,,已核准,,第一作者,長庚學校財團法人長庚科技大學,本校,2025/09/29,2043/10/11,日本特許廳,7750548
176244,114,學校,1534,通識教育中心,王毅新,專任,續聘,,具遮雨結構之輪椅,國內,發明專利,,已核准,,第二作者,長庚學校財團法人長庚科技大學,本校,2025/05/21,2044/04/18,經濟部智慧財產局,I884770
176281,114,學校,1534,通識教育中心,張雅君,專任,續聘,,卡牌組,國內,設計專利,,已核准,,第一作者,長庚學校財團法人長庚科技大學,本校,2025/11/21,2040/11/20,經濟部智慧財產局,D241626
176271,114,學校,1534,通識教育中心,陳麗芳,專任,續聘,,卡牌組(字慧),國內,設計專利,,已核准,,第一作者,長庚學校財團法人長庚科技大學,本校,2025/09/21,2040/09/20,經濟部智慧財產局,D240603
176245,114,學校,1534,通識教育中心,楊婉鳳,專任,續聘,,具遮雨結構之輪椅,國內,發明專利,,已核准,,第三作者,長庚學校財團法人長庚科技大學,本校,2025/05/21,2044/04/18,經濟部智慧財產局,I884770
176264,114,學校,1534,通識教育中心,楊婉鳳,專任,續聘,,卡牌組,國內,設計專利,,已核准,,第一作者,長庚學校財團法人長庚科技大學,本校,2025/08/11,2040/08/10,經濟部智慧財產局,D239908
176268,114,學校,1534,通識教育中心,楊婉鳳,專任,續聘,,卡牌組(Brainy box),國內,設計專利,,已核准,,第一作者,長庚學校財團法人長庚科技大學,本校,2025/09/21,2040/09/20,經濟部智慧財產局,D240604
168910,113,學校,4641,高齡暨健康照護管理系,石惠美,專任,續聘,,轉位輔具,國內,設計專利,,已核准,,第一作者,長庚學校財團法人長庚科技大學,本校,2024/03/01,2038/06/25,經濟部智慧財產局,D230282
168911,113,學校,4641,高齡暨健康照護管理系,石惠美,專任,續聘,,輸液管理線器,國內,設計專利,,已核准,,第一作者,長庚學校財團法人長庚科技大學,本校,2024/03/01,2038/06/25,經濟部智慧財產局,D230278
168912,113,學校,4641,高齡暨健康照護管理系,石惠美,專任,續聘,,電動磨藥器,國內,設計專利,,已核准,,第一作者,長庚學校財團法人長庚科技大學,本校,2024/03/01,2038/06/25,經濟部智慧財產局,D230279
168913,113,學校,4641,高齡暨健康照護管理系,石惠美,專任,續聘,,鼻胃管灌食器,國內,設計專利,,已核准,,第一作者,長庚學校財團法人長庚科技大學,本校,2024/03/01,2038/06/25,經濟部智慧財產局,D230280
168914,113,學校,4641,高齡暨健康照護管理系,石惠美,專任,續聘,,腦波監測晶片量測定位裝置,國內,設計專利,,已核准,,第一作者,長庚學校財團法人長庚科技大學,本校,2024/03/01,2038/06/25,經濟部智慧財產局,D230281
168918,113,學校,4641,高齡暨健康照護管理系,石惠美,專任,續聘,,結合隱藏式活動桌板之助形裝置,國內,發明專利,,已核准,,第二作者,長庚學校財團法人長庚科技大學,本校,2024/04/01,2043/06/25,經濟部智慧財產局,I838290
168920,113,學校,4641,高齡暨健康照護管理系,石惠美,專任,續聘,,手部復健用動力滑車,國內,發明專利,,已核准,,第一作者,長庚學校財團法人長庚科技大學,本校,2024/04/01,2043/06/25,經濟部智慧財產局,I838289
168919,113,學校,4641,高齡暨健康照護管理系,江勁政,專任,續聘,,結合隱藏式活動桌板之助形裝置,國內,發明專利,,已核准,,第一作者,長庚學校財團法人長庚科技大學,本校,2024/04/01,2043/06/25,經濟部智慧財產局,I838290
168966,113,學校,4641,高齡暨健康照護管理系,江貞紅,專任,續聘,,圖卡組(大家來找色),國內,設計專利,,已核准,,第四(以上)作者,長庚學校財團法人長庚科技大學,本校,2024/11/01,2039/01/23,經濟部智慧財產局,D234539
168902,113,學校,4641,高齡暨健康照護管理系,巫奉約,兼任,續聘,,卡片組(生肖牌牌樂),國內,設計專利,,已核准,,第四(以上)作者,長庚學校財團法人長庚科技大學,本校,2024/01/21,2038/03/20,經濟部智慧財產局,D229632
168960,113,學校,4641,高齡暨健康照護管理系,巫奉約,兼任,續聘,,圖卡組(animal),國內,設計專利,,已核准,,第四(以上)作者,長庚學校財團法人長庚科技大學,本校,2024/11/01,2039/01/23,經濟部智慧財產局,D234542
168963,113,學校,4641,高齡暨健康照護管理系,巫奉約,兼任,續聘,,卡牌組(八仙果嗨),國內,設計專利,,已核准,,第四(以上)作者,長庚學校財團法人長庚科技大學,本校,2024/11/01,2039/01/23,經濟部智慧財產局,D234541
168965,113,學校,4641,高齡暨健康照護管理系,巫奉約,兼任,續聘,,圖卡組(大家來找色),國內,設計專利,,已核准,,第四(以上)作者,長庚學校財團法人長庚科技大學,本校,2024/11/01,2039/01/23,經濟部智慧財產局,D234539
168968,113,學校,4641,高齡暨健康照護管理系,巫奉約,兼任,續聘,,圖卡組(趣味猜拳),國內,設計專利,,已核准,,第四(以上)作者,長庚學校財團法人長庚科技大學,本校,2024/11/01,2039/01/23,經濟部智慧財產局,D234543
168971,113,學校,4641,高齡暨健康照護管理系,巫奉約,兼任,續聘,,圖卡組(十二身笑),國內,設計專利,,已核准,,第四(以上)作者,長庚學校財團法人長庚科技大學,本校,2024/11/01,2039/01/23,經濟部智慧財產局,D234540
168986,113,學校,4641,高齡暨健康照護管理系,車慧蓮,專任,續聘,,餐盒MEAL BOX,國內,設計專利,,已核准,,第一作者,長庚學校財團法人長庚科技大學,本校,2024/05/21,2038/09/21,經濟部智慧財產局,D231447
168901,113,學校,4641,高齡暨健康照護管理系,施福忠,專任,續聘,,卡片組(生肖牌牌樂),國內,設計專利,,已核准,,第一作者,長庚學校財團法人長庚科技大學,本校,2024/01/21,2038/03/20,經濟部智慧財產局,D229632
168906,113,學校,4641,高齡暨健康照護管理系,施福忠,專任,續聘,,應用程式之具變化外觀之圖形化使用者介面,國內,設計專利,,已核准,,第一作者,長庚學校財團法人長庚科技大學,本校,2024/03/01,2038/04/19,經濟部智慧財產局,D230240
168917,113,學校,4641,高齡暨健康照護管理系,施福忠,專任,續聘,,應用程式之具變化外觀之圖形化使用者介面,國內,設計專利,,已核准,,第一作者,長庚學校財團法人長庚科技大學,本校,2024/04/01,2038/05/30,經濟部智慧財產局,D230642
168944,113,學校,4641,高齡暨健康照護管理系,施福忠,專任,續聘,,下體沖洗設備,國內,發明專利,,已核准,,第一作者,長庚學校財團法人長庚科技大學,本校,2024/06/21,2043/11/23,經濟部智慧財產局,I846650
168956,113,學校,4641,高齡暨健康照護管理系,施福忠,專任,續聘,,圖卡組,國內,設計專利,,已核准,,第一作者,長庚學校財團法人長庚科技大學,本校,2024/10/01,2039/01/23,經濟部智慧財產局,D233970
168959,113,學校,4641,高齡暨健康照護管理系,施福忠,專任,續聘,,圖卡組(animal),國內,設計專利,,已核准,,第一作者,長庚學校財團法人長庚科技大學,本校,2024/11/01,2039/01/23,經濟部智慧財產局,D234542
168962,113,學校,4641,高齡暨健康照護管理系,施福忠,專任,續聘,,卡牌組(八仙果嗨),國內,設計專利,,已核准,,第一作者,長庚學校財團法人長庚科技大學,本校,2024/11/01,2039/01/23,經濟部智慧財產局,D234541
168964,113,學校,4641,高齡暨健康照護管理系,施福忠,專任,續聘,,圖卡組(大家來找色),國內,設計專利,,已核准,,第一作者,長庚學校財團法人長庚科技大學,本校,2024/11/01,2039/01/23,經濟部智慧財產局,D234539
168967,113,學校,4641,高齡暨健康照護管理系,施福忠,專任,續聘,,圖卡組(趣味猜拳),國內,設計專利,,已核准,,第一作者,長庚學校財團法人長庚科技大學,本校,2024/11/01,2039/01/23,經濟部智慧財產局,D234543
168970,113,學校,4641,高齡暨健康照護管理系,施福忠,專任,續聘,,圖卡組(十二身笑),國內,設計專利,,已核准,,第一作者,長庚學校財團法人長庚科技大學,本校,2024/11/01,2039/01/23,經濟部智慧財產局,D234540
168904,113,學校,4641,高齡暨健康照護管理系,蔡碧藍,專任,續聘,,生命故事書,國內,設計專利,,已核准,,第一作者,長庚學校財團法人長庚科技大學,本校,2024/01/21,2038/05/30,經濟部智慧財產局,D229687
168909,113,學校,1531,護理系,王玉真,專任,續聘,,流質食物進食裝置,國內,發明專利,,已核准,,第四(以上)作者,長庚學校財團法人長庚科技大學,本校,2024/03/01,2043/02/28,經濟部智慧財產局,I834505
168925,113,學校,1531,護理系,王玉真,專任,續聘,,舌肌訓練裝置,國內,發明專利,,已核准,,第四(以上)作者,長庚學校財團法人長庚科技大學,本校,2024/04/01,2043/09/11,經濟部智慧財產局,I838314
168957,113,學校,1531,護理系,王琤,專任,續聘,,桌遊組,國內,設計專利,,已核准,,第一作者,長庚學校財團法人長庚科技大學,本校,2024/10/01,2039/01/18,經濟部智慧財產局,D233964
168916,113,學校,1531,護理系,余怡珍,專任,續聘,,指甲剪裝置,國內,發明專利,,已核准,,第一作者,長庚學校財團法人長庚科技大學,本校,2024/02/11,2043/02/20,經濟部智慧財產局,I832712
168922,113,學校,1531,護理系,余怡珍,專任,續聘,,翻身輔助枕,國內,設計專利,,已核准,,第二作者,長庚學校財團法人長庚科技大學,本校,2024/04/01,2038/08/01,經濟部智慧財產局,D230699
168955,113,學校,1531,護理系,余怡珍,專任,續聘,,人工智慧臉部情緒識別系統,國內,發明專利,,已核准,,第一作者,長庚學校財團法人長庚科技大學,本校,2024/08/11,2043/06/19,經濟部智慧財產局,I852643
168932,113,學校,1531,護理系,吳淑美,專任,續聘,,產後護墊,國內,設計專利,,已核准,,第一作者,長庚學校財團法人長庚科技大學,本校,2024/05/21,2038/08/01,經濟部智慧財產局,D231413
168945,113,學校,1531,護理系,呂雀芬,專任,續聘,,下體沖洗設備,國內,發明專利,,已核准,,第四(以上)作者,長庚學校財團法人長庚科技大學,本校,2024/06/21,2043/11/23,經濟部智慧財產局,I846650
168961,113,學校,1531,護理系,呂雀芬,專任,續聘,,圖卡組(animal),國內,設計專利,,已核准,,第四(以上)作者,長庚學校財團法人長庚科技大學,本校,2024/11/01,2039/01/23,經濟部智慧財產局,D234542
168935,113,學校,1531,護理系,李以文,專任,續聘,,男用尿套,國內,設計專利,,已核准,,第一作者,長庚學校財團法人長庚科技大學,本校,2024/05/21,2038/09/11,經濟部智慧財產局,D231442
168934,113,學校,1531,護理系,李惠玲,專任,續聘,,壓瘡換藥袋,國內,設計專利,,已核准,,第一作者,長庚學校財團法人長庚科技大學,本校,2024/05/21,2038/09/11,經濟部智慧財產局,D231440
168907,113,學校,1531,護理系,林秀純,專任,續聘,,流質食物進食裝置,國內,發明專利,,已核准,,第一作者,長庚學校財團法人長庚科技大學,本校,2024/03/01,2043/02/28,經濟部智慧財產局,I834505
168923,113,學校,1531,護理系,林秀純,專任,續聘,,舌肌訓練裝置,國內,發明專利,,已核准,,第一作者,長庚學校財團法人長庚科技大學,本校,2024/04/01,2043/09/11,經濟部智慧財產局,I838314
168949,113,學校,1531,護理系,林秀純,專任,續聘,,便於單手操作並快速置換沖洗耗材之整合型會陰沖洗器,國內,發明專利,,已核准,,第一作者,長庚學校財團法人長庚科技大學,本校,2024/07/11,2043/09/11,經濟部智慧財產局,I848816
168973,113,學校,1531,護理系,林嘉玲,專任,續聘,,腦波檢測頭帶,國內,設計專利,,已核准,,第一作者,長庚學校財團法人長庚科技大學,本校,2024/11/01,2039/03/04,經濟部智慧財產局,D234577
168974,113,學校,1531,護理系,林嘉玲,專任,續聘,,手套,國內,設計專利,,已核准,,第一作者,長庚學校財團法人長庚科技大學,本校,2024/12/01,2039/03/04,經濟部智慧財產局,D235166
168937,113,學校,1531,護理系,洪麗真,專任,續聘,,小兒集尿袋,國內,設計專利,,已核准,,第一作者,長庚學校財團法人長庚科技大學,本校,2024/05/21,2038/09/11,經濟部智慧財產局,D231438
168951,113,學校,1531,護理系,洪麗真,專任,續聘,,便於單手操作並快速置換沖洗耗材之整合型會陰沖洗器,國內,發明專利,,已核准,,第四(以上)作者,長庚學校財團法人長庚科技大學,本校,2024/07/11,2043/09/11,經濟部智慧財產局,I848816
168926,113,學校,1531,護理系,徐瑩媺,專任,續聘,,藥瓶,國內,設計專利,,已核准,,第一作者,長庚學校財團法人長庚科技大學,本校,2024/05/21,2038/08/01,經濟部智慧財產局,D231414
168928,113,學校,1531,護理系,徐瑩媺,專任,續聘,,陰部撐開器,國內,設計專利,,已核准,,第一作者,長庚學校財團法人長庚科技大學,本校,2024/05/21,2038/08/01,經濟部智慧財產局,D231410
168940,113,學校,1531,護理系,徐瑩媺,專任,續聘,,智能手錶,國內,設計專利,,已核准,,第一作者,長庚學校財團法人長庚科技大學,本校,2024/06/21,2038/09/11,經濟部智慧財產局,D231878
168903,113,學校,1531,護理系,陳海焦,專任,續聘,,引流裝置,國內,設計專利,,已核准,,第一作者,長庚學校財團法人長庚科技大學,本校,2024/01/21,2038/05/18,經濟部智慧財產局,D229674
168905,113,學校,1531,護理系,陳海焦,專任,續聘,,嘔吐袋,國內,設計專利,,已核准,,第一作者,長庚學校財團法人長庚科技大學,本校,2024/01/21,2038/05/18,經濟部智慧財產局,D229673
168936,113,學校,1531,護理系,陳海焦,專任,續聘,,生理沖洗器,國內,設計專利,,已核准,,第一作者,長庚學校財團法人長庚科技大學,本校,2024/05/21,2038/09/11,經濟部智慧財產局,D231439
168941,113,學校,1531,護理系,陳海焦,專任,續聘,,擠乳用具組,國內,設計專利,,已核准,,第一作者,長庚學校財團法人長庚科技大學,本校,2024/06/21,2038/09/11,經濟部智慧財產局,D231879
168933,113,學校,1531,護理系,曾瑛容,專任,續聘,,便盆座椅,國內,設計專利,,已核准,,第一作者,長庚學校財團法人長庚科技大學,本校,2024/05/21,2038/09/11,經濟部智慧財產局,D231441
168952,113,學校,1531,護理系,曾瑛容,專任,續聘,,應用程式之具變化外觀之圖形化使用者介面,國內,設計專利,,已核准,,第一作者,長庚學校財團法人長庚科技大學,本校,2024/08/11,2038/09/11,經濟部智慧財產局,D232918
168943,113,學校,1531,護理系,楊寶圜,專任,續聘,,胃液檢測管,國內,設計專利,,已核准,,第一作者,長庚學校財團法人長庚科技大學,本校,2024/06/21,2038/10/15,經濟部智慧財產局,D231914
168908,113,學校,1531,護理系,劉杏元,專任,續聘,,流質食物進食裝置,國內,發明專利,,已核准,,第二作者,長庚學校財團法人長庚科技大學,本校,2024/03/01,2043/02/28,經濟部智慧財產局,I834505
168924,113,學校,1531,護理系,劉杏元,專任,續聘,,舌肌訓練裝置,國內,發明專利,,已核准,,第二作者,長庚學校財團法人長庚科技大學,本校,2024/04/01,2043/09/11,經濟部智慧財產局,I838314
168939,113,學校,1531,護理系,劉杏元,專任,續聘,,甦醒球固定裝置之部分,國內,設計專利,,已核准,,第二作者,長庚學校財團法人長庚科技大學,本校,2024/06/21,2038/09/27,經濟部智慧財產局,D231900
168947,113,學校,1531,護理系,劉杏元,專任,續聘,,氣管內管固定器,國內,設計專利,,已核准,,第二作者,長庚學校財團法人長庚科技大學,本校,2024/06/21,2038/09/27,經濟部智慧財產局,D231901
168950,113,學校,1531,護理系,劉杏元,專任,續聘,,便於單手操作並快速置換沖洗耗材之整合型會陰沖洗器,國內,發明專利,,已核准,,第二作者,長庚學校財團法人長庚科技大學,本校,2024/07/11,2043/09/11,經濟部智慧財產局,I848816
168942,113,學校,1531,護理系,戴秀珍,專任,續聘,,面罩,國內,設計專利,,已核准,,第一作者,長庚學校財團法人長庚科技大學,本校,2024/06/21,2038/10/16,經濟部智慧財產局,D231916
168900,113,學校,1531,護理系,謝佩玲,專任,續聘,,血糖機,國內,設計專利,,已核准,,第一作者,長庚學校財團法人長庚科技大學,本校,2024/01/21,2038/04/05,經濟部智慧財產局,D229637
168938,113,學校,1531,護理系,韓晶彥,專任,續聘,,甦醒球固定裝置之部分,國內,設計專利,,已核准,,第一作者,長庚學校財團法人長庚科技大學,本校,2024/06/21,2038/09/27,經濟部智慧財產局,D231900
168946,113,學校,1531,護理系,韓晶彥,專任,續聘,,氣管內管固定器,國內,設計專利,,已核准,,第一作者,長庚學校財團法人長庚科技大學,本校,2024/06/21,2038/09/27,經濟部智慧財產局,D231901
168915,113,學校,1531,護理系,瞿馥苓,專任,續聘,,抬臀機,國內,設計專利,,已核准,,第一作者,長庚學校財團法人長庚科技大學,本校,2024/03/01,2038/09/07,經濟部智慧財產局,D230324
168921,113,學校,1531,護理系,瞿馥苓,專任,續聘,,翻身輔助枕,國內,設計專利,,已核准,,第一作者,長庚學校財團法人長庚科技大學,本校,2024/04/01,2038/08/01,經濟部智慧財產局,D230699
168931,113,學校,1531,護理系,瞿馥苓,專任,續聘,,助行器,國內,設計專利,,已核准,,第一作者,長庚學校財團法人長庚科技大學,本校,2024/05/21,2038/08/01,經濟部智慧財產局,D231415
168948,113,學校,1531,護理系,瞿馥苓,專任,續聘,,抽藥器,國內,設計專利,,已核准,,第一作者,長庚學校財團法人長庚科技大學,本校,2024/07/11,2038/10/16,經濟部智慧財產局,D232318
168958,113,學校,1531,護理系,瞿馥苓,專任,續聘,,遠端監護助行器,國內,發明專利,,已核准,,第一作者,長庚學校財團法人長庚科技大學,本校,2024/10/01,2043/09/07,經濟部智慧財產局,I857776
168929,113,學校,1531,護理系,羅高文,專任,續聘,,管路固定器,國內,設計專利,,已核准,,第一作者,長庚學校財團法人長庚科技大學,本校,2024/05/21,2038/08/01,經濟部智慧財產局,D231412
168930,113,學校,1531,護理系,羅高文,專任,續聘,,淋浴用防水圍裙,國內,設計專利,,已核准,,第一作者,長庚學校財團法人長庚科技大學,本校,2024/05/21,2038/08/01,經濟部智慧財產局,D231411
168954,113,學校,3353,化妝品應用系,吳秋燕,專任,續聘,,隨身型手動磨甲裝置,國內,發明專利,,已核准,,第二作者,長庚學校財團法人長庚科技大學,本校,2024/08/11,2043/10/16,經濟部智慧財產局,I852802
168998,113,學校,3353,化妝品應用系,許孟娟,專任,續聘,,定模輔助模型及矯正輔具的製備方法,國內,發明專利,,已核准,,第二作者,長庚學校財團法人長庚科技大學,本校,2024/11/11,2044/03/11,經濟部智慧財產局,I862433
168997,113,學校,3353,化妝品應用系,陳姿吟,專任,續聘,,定模輔助模型及矯正輔具的製備方法,國內,發明專利,,已核准,,第一作者,長庚學校財團法人長庚科技大學,本校,2024/11/11,2044/03/11,經濟部智慧財產局,I862433
168953,113,學校,3353,化妝品應用系,廖婉玉,專任,續聘,,隨身型手動磨甲裝置,國內,發明專利,,已核准,,第一作者,長庚學校財團法人長庚科技大學,本校,2024/08/11,2043/10/16,經濟部智慧財產局,I852802
168975,113,學校,1532,幼兒保育系,田佳靈,專任,續聘,,情緒教學教具,國內,設計專利,,已核准,,第一作者,長庚學校財團法人長庚科技大學,本校,2024/03/11,2037/12/19,經濟部智慧財產局,D230343
168987,113,學校,1532,幼兒保育系,田佳靈,專任,續聘,,消化系統教具,國內,發明專利,,已核准,,第一作者,長庚學校財團法人長庚科技大學,本校,2024/08/21,2042/12/19,經濟部智慧財產局,I853379
168988,113,學校,1532,幼兒保育系,邱慧芳,專任,續聘,,牌卡之部分,國內,設計專利,,已核准,,第一作者,長庚學校財團法人長庚科技大學,本校,2024/09/11,2038/11/09,經濟部智慧財產局,D233521
168989,113,學校,1532,幼兒保育系,邱慧芳,專任,續聘,,牌卡之部分,國內,設計專利,,已核准,,第一作者,長庚學校財團法人長庚科技大學,本校,2024/09/11,2038/11/09,經濟部智慧財產局,D233520
168990,113,學校,1532,幼兒保育系,邱慧芳,專任,續聘,,牌卡之部分,國內,設計專利,,已核准,,第一作者,長庚學校財團法人長庚科技大學,本校,2024/09/11,2038/11/09,經濟部智慧財產局,D233519
168991,113,學校,1532,幼兒保育系,邱慧芳,專任,續聘,,牌卡之部分,國內,設計專利,,已核准,,第一作者,長庚學校財團法人長庚科技大學,本校,2024/09/11,2038/11/09,經濟部智慧財產局,D233518
168992,113,學校,1532,幼兒保育系,邱慧芳,專任,續聘,,牌卡之部分,國內,設計專利,,已核准,,第一作者,長庚學校財團法人長庚科技大學,本校,2024/09/11,2038/11/09,經濟部智慧財產局,D233517
168993,113,學校,1532,幼兒保育系,邱慧芳,專任,續聘,,牌卡之部分,國內,設計專利,,已核准,,第一作者,長庚學校財團法人長庚科技大學,本校,2024/09/11,2038/11/09,經濟部智慧財產局,D233516
168994,113,學校,1532,幼兒保育系,邱慧芳,專任,續聘,,牌卡之部分,國內,設計專利,,已核准,,第一作者,長庚學校財團法人長庚科技大學,本校,2024/09/11,2038/11/09,經濟部智慧財產局,D233515
168995,113,學校,1532,幼兒保育系,邱慧芳,專任,續聘,,牌卡之部分,國內,設計專利,,已核准,,第一作者,長庚學校財團法人長庚科技大學,本校,2024/09/11,2038/11/09,經濟部智慧財產局,D233514
168977,113,學校,1532,幼兒保育系,常雅珍,專任,續聘,,教具,國內,設計專利,,已核准,,第一作者,長庚學校財團法人長庚科技大學,本校,2024/04/21,2038/08/22,經濟部智慧財產局,D230964
168978,113,學校,1532,幼兒保育系,常雅珍,專任,續聘,,教具,國內,設計專利,,已核准,,第一作者,長庚學校財團法人長庚科技大學,本校,2024/04/21,2038/08/17,經濟部智慧財產局,D230960
168979,113,學校,1532,幼兒保育系,常雅珍,專任,續聘,,遊戲墊,國內,設計專利,,已核准,,第一作者,長庚學校財團法人長庚科技大學,本校,2024/04/21,2038/08/17,經濟部智慧財產局,D230959
168980,113,學校,1532,幼兒保育系,常雅珍,專任,續聘,,保護眼睛教具,國內,設計專利,,已核准,,第一作者,長庚學校財團法人長庚科技大學,本校,2024/04/21,2038/08/17,經濟部智慧財產局,D230958
168981,113,學校,1532,幼兒保育系,常雅珍,專任,續聘,,教具之部分,國內,設計專利,,已核准,,第一作者,長庚學校財團法人長庚科技大學,本校,2024/04/21,2038/08/01,經濟部智慧財產局,D230950
168982,113,學校,1532,幼兒保育系,常雅珍,專任,續聘,,教具,國內,設計專利,,已核准,,第一作者,長庚學校財團法人長庚科技大學,本校,2024/04/21,2038/08/01,經濟部智慧財產局,D230949
168983,113,學校,1532,幼兒保育系,常雅珍,專任,續聘,,教具,國內,設計專利,,已核准,,第一作者,長庚學校財團法人長庚科技大學,本校,2024/04/21,2038/08/01,經濟部智慧財產局,D230948
168984,113,學校,1532,幼兒保育系,常雅珍,專任,續聘,,教具,國內,設計專利,,已核准,,第一作者,長庚學校財團法人長庚科技大學,本校,2024/04/21,2038/08/01,經濟部智慧財產局,D230947
168985,113,學校,1532,幼兒保育系,常雅珍,專任,續聘,,教具,國內,設計專利,,已核准,,第一作者,長庚學校財團法人長庚科技大學,本校,2024/04/21,2038/08/01,經濟部智慧財產局,D230946
168996,113,學校,1532,幼兒保育系,常雅珍,專任,續聘,,教具,國內,設計專利,,已核准,,第一作者,長庚學校財團法人長庚科技大學,本校,2024/09/11,2038/11/01,經濟部智慧財產局,D233510
168999,113,學校,1532,幼兒保育系,常雅珍,專任,續聘,,幼兒教具,國內,發明專利,,已核准,,第一作者,長庚學校財團法人長庚科技大學,本校,2024/11/21,2043/08/10,經濟部智慧財產局,I863501
168927,113,學校,4444,健康產業科技研究所,黃聰龍,專任,續聘,,一種第I型甲醯胜肽受體拮抗劑及其用途,國內,發明專利,,已核准,,第一作者,長庚學校財團法人長庚科技大學,本校,2024/05/21,2042/07/13,經濟部智慧財產局,I843149
168976,113,學校,4444,健康產業科技研究所,黃聰龍,專任,續聘,,一種草藥萃取物用於製備抑制一個體感染新型冠狀病毒的醫藥組合物之用途,國內,發明專利,,已核准,,第一作者,長庚學校財團法人長庚科技大學(60%)、長庚大學主導(40%),本校、其他學校或機構,2024/12/11,2042/04/06,經濟部智慧財產局,I865864
168972,113,學校,1534,通識教育中心,高幸利,專任,續聘,,圖卡組(十二身笑),國內,設計專利,,已核准,,第四(以上)作者,長庚學校財團法人長庚科技大學,本校,2024/11/01,2039/01/23,經濟部智慧財產局,D234540
168969,113,學校,1534,通識教育中心,張雅君,專任,續聘,,圖卡組(趣味猜拳),國內,設計專利,,已核准,,第四(以上)作者,長庚學校財團法人長庚科技大學,本校,2024/11/01,2039/01/23,經濟部智慧財產局,D234543
164235,112,學校,4641,高齡暨健康照護管理系,石惠美,專任,續聘,無,尿套,國內,設計專利,,已核准,,第二作者,長庚學校財團法人長庚科技大學,本校,2023/02/11,2037/06/09,經濟部智慧財產局,D223678
164236,112,學校,4641,高齡暨健康照護管理系,石惠美,專任,續聘,無,點滴架照明燈,國內,設計專利,,已核准,,第一作者,長庚學校財團法人長庚科技大學,本校,2023/02/11,2037/06/09,經濟部智慧財產局,D223677
164238,112,學校,4641,高齡暨健康照護管理系,石惠美,專任,續聘,無,輪椅置物盒組,國內,設計專利,,已核准,,第二作者,長庚學校財團法人長庚科技大學,本校,2023/02/11,2037/06/09,經濟部智慧財產局,D223679
164241,112,學校,4641,高齡暨健康照護管理系,石惠美,專任,續聘,無,氧氣鋼瓶架固定裝置,國內,設計專利,,已核准,,第一作者,長庚學校財團法人長庚科技大學,本校,2023/02/11,2037/06/09,經濟部智慧財產局,D223676
164251,112,學校,4641,高齡暨健康照護管理系,石惠美,專任,續聘,無,便攜式奶瓶組,國內,設計專利,,已核准,,第一作者,長庚學校財團法人長庚科技大學,本校,2023/02/21,2037/06/09,經濟部智慧財產局,D223882
164258,112,學校,4641,高齡暨健康照護管理系,石惠美,專任,續聘,無,灌食針筒置放裝置,國內,設計專利,,已核准,,第二作者,長庚學校財團法人長庚科技大學,本校,2023/02/21,2037/06/09,經濟部智慧財產局,D223883
164260,112,學校,4641,高齡暨健康照護管理系,石惠美,專任,續聘,無,便盆座椅,國內,設計專利,,已核准,,第一作者,長庚學校財團法人長庚科技大學,本校,2023/04/21,2037/06/09,經濟部智慧財產局,D224890
164234,112,學校,4641,高齡暨健康照護管理系,江勁政,專任,續聘,無,尿套,國內,設計專利,,已核准,,第一作者,長庚學校財團法人長庚科技大學,本校,2023/02/11,2037/06/09,經濟部智慧財產局,D223678
164237,112,學校,4641,高齡暨健康照護管理系,江勁政,專任,續聘,無,輪椅置物盒組,國內,設計專利,,已核准,,第一作者,長庚學校財團法人長庚科技大學,本校,2023/02/11,2037/06/09,經濟部智慧財產局,D223679
164257,112,學校,4641,高齡暨健康照護管理系,江勁政,專任,續聘,無,灌食針筒置放裝置,國內,設計專利,,已核准,,第一作者,長庚學校財團法人長庚科技大學,本校,2023/02/21,2037/06/09,經濟部智慧財產局,D223883
164239,112,學校,4641,高齡暨健康照護管理系,施福忠,專任,續聘,無,圖卡教具組,國內,設計專利,,已核准,,第一作者,長庚學校財團法人長庚科技大學,本校,2023/02/11,2037/03/27,經濟部智慧財產局,D223581
164240,112,學校,4641,高齡暨健康照護管理系,施福忠,專任,續聘,無,繪本,國內,設計專利,,已核准,,第一作者,長庚學校財團法人長庚科技大學,本校,2023/02/11,2037/01/25,經濟部智慧財產局,D223536
164245,112,學校,4641,高齡暨健康照護管理系,施福忠,專任,續聘,無,高齡者踏步訓練裝置,國內,發明專利,,已核准,,第一作者,長庚學校財團法人長庚科技大學,本校,2023/02/11,2042/06/06,經濟部智慧財產局,I793031
164256,112,學校,4641,高齡暨健康照護管理系,施福忠,專任,續聘,無,傘,國內,設計專利,,已核准,,第一作者,長庚學校財團法人長庚科技大學,本校,2023/02/21,2037/01/25,經濟部智慧財產局,D223799
164259,112,學校,4641,高齡暨健康照護管理系,施福忠,專任,續聘,無,**卡牌組,國內,設計專利,,已核准,,第一作者,長庚學校財團法人長庚科技大學,本校,2023/03/01,2037/01/25,經濟部智慧財產局,D223976
164277,112,學校,4641,高齡暨健康照護管理系,施福忠,專任,續聘,無,桌遊組,國內,設計專利,,已核准,,第一作者,長庚學校財團法人長庚科技大學,本校,2023/08/01,2037/11/15,經濟部智慧財產局,D226782
164282,112,學校,4641,高齡暨健康照護管理系,施福忠,專任,續聘,無,圖卡組,國內,設計專利,,已核准,,第一作者,長庚學校財團法人長庚科技大學,本校,2023/10/11,2038/03/20,經濟部智慧財產局,D228064
164283,112,學校,4641,高齡暨健康照護管理系,施福忠,專任,續聘,無,桌遊組,國內,設計專利,,已核准,,第一作者,長庚學校財團法人長庚科技大學,本校,2023/10/11,2038/03/20,經濟部智慧財產局,D228062
164284,112,學校,4641,高齡暨健康照護管理系,施福忠,專任,續聘,無,圖卡組(誰是大歌星),國內,設計專利,,已核准,,第一作者,長庚學校財團法人長庚科技大學,本校,2023/10/11,2038/03/20,經濟部智慧財產局,D228060
164285,112,學校,4641,高齡暨健康照護管理系,施福忠,專任,續聘,無,圖卡組(創意料理),國內,設計專利,,已核准,,第一作者,長庚學校財團法人長庚科技大學,本校,2023/10/11,2038/03/20,經濟部智慧財產局,D228061
164287,112,學校,4641,高齡暨健康照護管理系,施福忠,專任,續聘,無,卡片組,國內,設計專利,,已核准,,第一作者,長庚學校財團法人長庚科技大學,本校,2023/10/11,2038/03/20,經濟部智慧財產局,D228063
164290,112,學校,4641,高齡暨健康照護管理系,蔡碧藍,專任,續聘,無,繪本,國內,設計專利,,已核准,,第一作者,長庚學校財團法人長庚科技大學,本校,2023/11/11,2037/11/16,經濟部智慧財產局,D228427
164295,112,學校,4641,高齡暨健康照護管理系,蔡碧藍,專任,續聘,無,書,國內,設計專利,,已核准,,第一作者,長庚學校財團法人長庚科技大學,本校,2023/12/01,2038/04/19,經濟部智慧財產局,D228874
164252,112,學校,1531,護理系,余怡珍,專任,續聘,無,電子約束帶,國內,設計專利,,已核准,,第一作者,長庚學校財團法人長庚科技大學,本校,2023/02/21,2037/06/28,經濟部智慧財產局,D223906
164272,112,學校,1531,護理系,余怡珍,專任,續聘,無,電子止血帶,國內,設計專利,,已核准,,第一作者,長庚學校財團法人長庚科技大學,本校,2023/06/21,2037/10/02,經濟部智慧財產局,D226012
164279,112,學校,1531,護理系,余怡珍,專任,續聘,無,智能止血裝置,國內,發明專利,,已核准,,第一作者,長庚學校財團法人長庚科技大學,本校,2023/10/11,2042/11/20,經濟部智慧財產局,I818812
164254,112,學校,1531,護理系,吳淑美,專任,續聘,無,切藥器,國內,設計專利,,已核准,,第一作者,長庚學校財團法人長庚科技大學,本校,2023/02/21,2037/06/27,經濟部智慧財產局,D223902
164255,112,學校,1531,護理系,吳淑美,專任,續聘,無,點滴架,國內,設計專利,,已核准,,第一作者,長庚學校財團法人長庚科技大學,本校,2023/02/21,2037/06/27,經濟部智慧財產局,D223901
164293,112,學校,1531,護理系,吳淑美,專任,續聘,無,雙唇閉合運動訓練器,國內,發明專利,,已核准,,第二作者,長庚學校財團法人長庚科技大學,本校,2023/11/11,2042/06/27,經濟部智慧財產局,I822149
164248,112,學校,1531,護理系,李香君,專任,續聘,無,注射器盒,國內,設計專利,,已核准,,第二作者,長庚學校財團法人長庚科技大學,本校,2023/02/11,2037/04/11,經濟部智慧財產局,D223583
164276,112,學校,1531,護理系,李惠玲,專任,續聘,無,床邊桌,國內,設計專利,,已核准,,第二作者,長庚學校財團法人長庚科技大學,本校,2023/08/01,2037/09/11,經濟部智慧財產局,D226755
164275,112,學校,1531,護理系,林秀純,專任,續聘,無,床邊桌,國內,設計專利,,已核准,,第一作者,長庚學校財團法人長庚科技大學,本校,2023/08/01,2037/09/11,經濟部智慧財產局,D226755
164280,112,學校,1531,護理系,林秀純,專任,續聘,無,居家洗頭機,國內,設計專利,,已核准,,第一作者,長庚學校財團法人長庚科技大學,本校,2023/10/11,2038/02/28,經濟部智慧財產局,D228039
164292,112,學校,1531,護理系,林秀純,專任,續聘,無,雙唇閉合運動訓練器,國內,發明專利,,已核准,,第一作者,長庚學校財團法人長庚科技大學,本校,2023/11/11,2042/06/27,經濟部智慧財產局,I822149
164288,112,學校,1531,護理系,孫瑞瓊,專任,續聘,無,胎兒監測器之輔助警示裝置,國內,發明專利,,已核准,,第一作者,長庚學校財團法人長庚科技大學,本校,2023/11/11,2043/03/19,經濟部智慧財產局,I822614
164291,112,學校,1531,護理系,孫瑞瓊,專任,續聘,無,膝關節支架,國內,設計專利,,已核准,,第一作者,長庚學校財團法人長庚科技大學,本校,2023/11/11,2038/03/19,經濟部智慧財產局,D228508
166187,112,學校,1531,護理系,陸振芳,專任,續聘,無,傷勢測繪系統,國內,新型專利,無,已核准,,第一作者,長庚學校財團法人長庚科技大學,本校,2023/06/21,2033/02/23,經濟部智慧財產局,M642973
164273,112,學校,1531,護理系,曾瑛容,專任,續聘,無,點滴架*,國內,設計專利,,已核准,,第一作者,長庚學校財團法人長庚科技大學,本校,2023/06/21,2037/10/02,經濟部智慧財產局,D226011
164294,112,學校,1531,護理系,曾瑛容,專任,續聘,無,包,國內,設計專利,,已核准,,第一作者,長庚學校財團法人長庚科技大學,本校,2023/12/01,2038/03/20,經濟部智慧財產局,D228825
164242,112,學校,1531,護理系,劉杏元,專任,續聘,無,健身椅,國內,設計專利,,已核准,,第一作者,長庚學校財團法人長庚科技大學,本校,2023/02/11,2037/08/14,經濟部智慧財產局,D223762
164262,112,學校,1531,護理系,劉杏元,專任,續聘,無,止血帶之部份,國內,設計專利,,已核准,,第二作者,長庚學校財團法人長庚科技大學,本校,2023/05/21,2037/08/10,經濟部智慧財產局,D225498
164264,112,學校,1531,護理系,劉杏元,專任,續聘,無,陰部投藥裝置,國內,設計專利,,已核准,,第二作者,長庚學校財團法人長庚科技大學,本校,2023/05/21,2037/08/10,經濟部智慧財產局,D225497
164265,112,學校,1531,護理系,劉杏元,專任,續聘,無,藥盒,國內,設計專利,,已核准,,第一作者,長庚學校財團法人長庚科技大學,本校,2023/05/21,2037/08/14,經濟部智慧財產局,D225508
164270,112,學校,1531,護理系,劉杏元,專任,續聘,無,陰部投藥裝置,國內,發明專利,,已核准,,第二作者,長庚學校財團法人長庚科技大學,本校,2023/05/21,2042/08/10,經濟部智慧財產局,I803408
164281,112,學校,1531,護理系,劉杏元,專任,續聘,無,居家洗頭機,國內,設計專利,,已核准,,第二作者,長庚學校財團法人長庚科技大學,本校,2023/10/11,2038/02/28,經濟部智慧財產局,D228039
164249,112,學校,1531,護理系,蔣宜倩,專任,續聘,無,注射器盒,國內,設計專利,,已核准,,第三作者,長庚學校財團法人長庚科技大學,本校,2023/02/11,2037/04/11,經濟部智慧財產局,D223583
164278,112,學校,1531,護理系,蕭冰如,專任,續聘,無,呼氣流速檢測用具組,國內,設計專利,,已核准,,第一作者,長庚學校財團法人長庚科技大學,本校,2023/09/11,2038/01/02,經濟部智慧財產局,D227482
164250,112,學校,1531,護理系,戴秀珍,專任,續聘,無,傷口照護裝置,國內,發明專利,,已核准,,第一作者,長庚學校財團法人長庚科技大學,本校,2023/02/11,2042/09/11,經濟部智慧財產局,I793055
164268,112,學校,1531,護理系,戴秀珍,專任,續聘,無,女用尿液留取器,國內,設計專利,,已核准,,第一作者,長庚學校財團法人長庚科技大學,本校,2023/05/21,2037/09/11,經濟部智慧財產局,D225533
164286,112,學校,1531,護理系,謝佩玲,專任,續聘,無,母乳擠取用具組,國內,設計專利,,已核准,,第一作者,長庚學校財團法人長庚科技大學,本校,2023/10/11,2038/04/05,經濟部智慧財產局,D228073
164243,112,學校,1531,護理系,韓晶彥,專任,續聘,無,健身椅,國內,設計專利,,已核准,,第二作者,長庚學校財團法人長庚科技大學,本校,2023/02/11,2037/08/14,經濟部智慧財產局,D223762
164261,112,學校,1531,護理系,韓晶彥,專任,續聘,無,止血帶之部份,國內,設計專利,,已核准,,第一作者,長庚學校財團法人長庚科技大學,本校,2023/05/21,2037/08/10,經濟部智慧財產局,D225498
164263,112,學校,1531,護理系,韓晶彥,專任,續聘,無,陰部投藥裝置,國內,設計專利,,已核准,,第一作者,長庚學校財團法人長庚科技大學,本校,2023/05/21,2037/08/10,經濟部智慧財產局,D225497
164266,112,學校,1531,護理系,韓晶彥,專任,續聘,無,藥盒,國內,設計專利,,已核准,,第二作者,長庚學校財團法人長庚科技大學,本校,2023/05/21,2037/08/14,經濟部智慧財產局,D225508
164269,112,學校,1531,護理系,韓晶彥,專任,續聘,無,陰部投藥裝置,國內,發明專利,,已核准,,第一作者,長庚學校財團法人長庚科技大學,本校,2023/05/21,2042/08/10,經濟部智慧財產局,I803408
164253,112,學校,1531,護理系,簡乃卉,專任,續聘,無,電子約束帶,國內,設計專利,,已核准,,第二作者,長庚學校財團法人長庚科技大學,本校,2023/02/21,2037/06/28,經濟部智慧財產局,D223906
164244,112,學校,3353,化妝品應用系,趙俊彥,專任,續聘,無,健身椅,國內,設計專利,,已核准,,第三作者,長庚學校財團法人長庚科技大學,本校,2023/02/11,2037/08/14,經濟部智慧財產局,D223762
164267,112,學校,3353,化妝品應用系,趙俊彥,專任,續聘,無,藥盒,國內,設計專利,,已核准,,第三作者,長庚學校財團法人長庚科技大學,本校,2023/05/21,2037/08/14,經濟部智慧財產局,D225508
166185,112,學校,1532,幼兒保育系,田佳靈,專任,續聘,無,消化系統教具,國內,新型專利,無,已核准,,第一作者,長庚學校財團法人長庚科技大學,本校,2023/07/11,2032/12/19,經濟部智慧財產局,M643674
166194,112,學校,1532,幼兒保育系,田佳靈,專任,續聘,無,視力保健教具,國內,設計專利,,已核准,,第一作者,長庚學校財團法人長庚科技大學,本校,2023/10/01,2037/12/19,經濟部智慧財產局,D227813
164246,112,學校,1532,幼兒保育系,林昌本,專任,續聘,無,高齡者踏步訓練裝置,國內,發明專利,,已核准,,第二作者,長庚學校財團法人長庚科技大學,本校,2023/02/11,2042/06/06,經濟部智慧財產局,I793031
164271,112,學校,1532,幼兒保育系,邱慧芳,專任,續聘,無,遊戲墊,國內,設計專利,,已核准,,第一作者,長庚學校財團法人長庚科技大學,本校,2023/05/21,2037/09/20,經濟部智慧財產局,D225538
166186,112,學校,1532,幼兒保育系,常雅珍,專任,續聘,無,汽車造型戲偶台,國內,發明專利,,已核准,,第一作者,長庚學校財團法人長庚科技大學,本校,2023/09/21,2042/11/21,經濟部智慧財產局,I816604
166188,112,學校,1532,幼兒保育系,常雅珍,專任,續聘,無,幼兒教具,國內,發明專利,,已核准,,第一作者,長庚學校財團法人長庚科技大學,本校,2023/06/01,2042/08/17,經濟部智慧財產局,I804420
166189,112,學校,1532,幼兒保育系,常雅珍,專任,續聘,無,綜合式玩具帳篷裝置,國內,發明專利,,已核准,,第一作者,長庚學校財團法人長庚科技大學,本校,2023/03/01,2042/11/21,經濟部智慧財產局,I795342
166195,112,學校,1532,幼兒保育系,常雅珍,專任,續聘,無,教具,國內,設計專利,,已核准,,第一作者,長庚學校財團法人長庚科技大學、長庚學校財團法人長庚科技大學、長庚學校財團法人長庚科技大學,本校、本校、本校,2023/09/21,2037/12/13,經濟部智慧財產局,D227626
166196,112,學校,1532,幼兒保育系,常雅珍,專任,續聘,無,教具,國內,設計專利,,已核准,,第一作者,長庚學校財團法人長庚科技大學、長庚學校財團法人長庚科技大學,本校、本校,2023/09/21,2037/12/13,經濟部智慧財產局,D227625
166198,112,學校,1532,幼兒保育系,常雅珍,專任,續聘,無,教具之部分,國內,設計專利,,已核准,,第一作者,長庚學校財團法人長庚科技大學,本校,2023/09/21,2037/11/21,經濟部智慧財產局,D227607
166199,112,學校,1532,幼兒保育系,常雅珍,專任,續聘,無,教具之部分,國內,設計專利,,已核准,,第一作者,長庚學校財團法人長庚科技大學,本校,2023/06/21,2037/11/23,經濟部智慧財產局,D226087
166200,112,學校,1532,幼兒保育系,常雅珍,專任,續聘,無,性別平等教具,國內,設計專利,,已核准,,第一作者,長庚學校財團法人長庚科技大學,本校,2023/06/21,2037/11/23,經濟部智慧財產局,D226086
166201,112,學校,1532,幼兒保育系,常雅珍,專任,續聘,無,教具,國內,設計專利,,已核准,,第一作者,長庚學校財團法人長庚科技大學,本校,2023/06/01,2037/09/22,經濟部智慧財產局,D225675
166202,112,學校,1532,幼兒保育系,常雅珍,專任,續聘,無,生活教具,國內,設計專利,,已核准,,第一作者,長庚學校財團法人長庚科技大學,本校,2023/09/21,2037/12/13,經濟部智慧財產局,D227624
166203,112,學校,1532,幼兒保育系,常雅珍,專任,續聘,無,教具,國內,設計專利,,已核准,,第一作者,長庚學校財團法人長庚科技大學,本校,2023/09/21,2037/11/27,經濟部智慧財產局,D227615
166204,112,學校,1532,幼兒保育系,常雅珍,專任,續聘,無,文化教具,國內,設計專利,,已核准,,第一作者,長庚學校財團法人長庚科技大學,本校,2023/09/21,2037/11/27,經濟部智慧財產局,D227614
166205,112,學校,1532,幼兒保育系,常雅珍,專任,續聘,無,圖卡之部分,國內,設計專利,,已核准,,第一作者,長庚學校財團法人長庚科技大學,本校,2023/09/21,2037/11/21,經濟部智慧財產局,D227608
164274,112,學校,4444,健康產業科技研究所,黃聰龍,專任,續聘,"MOST1042320B255004MY3, MOST1062320B255003MY3, MOST1072320B037013",嗜中性白血球發炎抑制劑及其用途NEUTROPHIL INFLAMMATION INHIBITOR AND USES THEREOF,大陸,發明專利,,已核准,,第一作者,長庚學校財團法人長庚科技大學、長庚大學,本校、其他學校或機構,2023/07/14,2038/11/09,中華人民共和國國家知識產權局,CN113038949B
164289,112,學校,4444,健康產業科技研究所,黃聰龍,專任,續聘,無,一種化合物用於製備抑制新型冠狀病毒感染一個體的醫藥組合物之用途 USE OF CHEMICAL COMPOUNDS FOR THE MANUFACTURE OF A PHARMACEUTICAL COMPOSITION FOR INHIBITING INFECTION OF SARS-COV-2 IN A SUBJECT,國內,發明專利,,已核准,,第一作者,長庚學校財團法人長庚科技大學,本校,2023/11/11,2042/05/31,經濟部智慧財產局,I822075
164296,112,學校,4444,健康產業科技研究所,黃聰龍,專任,續聘,無,一種草藥萃取物用於製備抑制一個體感染新型冠狀病毒的醫藥組合物之用途／METHOD FOR INHIBITING INFECTION OF SARS-COV-2 IN A SUBJECT USE OF CHEMICAL COMPOUNDS FOR THE MANUFACTURE OF A HARMACEUTICAL COMPOSITION FOR INHIBITING INFECTION OF SARS-COV-2 IN A SUBJECT,美國,發明專利,,已核准,,第一作者,長庚學校財團法人長庚科技大學、長庚大學,本校、其他學校或機構,2023/12/12,2042/04/07,美國專利商標局,"US11,839,610B2"
164297,112,學校,4444,健康產業科技研究所,黃聰龍,專任,續聘,"MOST1042320B255004MY3, MOST1062320B255003MY3, MOST1072320B037013",NEUTROPHIL INFLAMMATION INHIBITOR AND USES THEREOF /嗜中性白血球發炎抑制劑及其用途,國外(不含美國),發明專利,,已核准,,第一作者,長庚學校財團法人長庚科技大學、長庚大學,本校、其他學校或機構,2023/01/06,2038/11/09,日本特許廳,特許第7205840號
166134,112,學校,4444,健康產業科技研究所,黃聰龍,專任,續聘,"MOST1042320B255004MY3, MOST1062320B255003MY3 MOST1072320B037013",NEUTROPHIL INFLAMMATION INHIBITOR AND USES THEREOF /嗜中性白血球發炎抑制劑及其用途,國外(不含美國),發明專利,,已核准,,第一作者,長庚學校財團法人長庚科技大學、長庚大學、高雄醫學大學,本校、其他學校或機構、其他學校或機構,2023/09/13,2038/11/09,英國專利局,EP876933
166136,112,學校,4444,健康產業科技研究所,黃聰龍,專任,續聘,"MOST1042320B255004MY3, MOST1062320B255003MY3, MOST1072320B037013",NEUTROPHIL INFLAMMATION INHIBITOR AND USES THEREOF /嗜中性白血球發炎抑制劑及其用途(DE),國外(不含美國),發明專利,,已核准,,第一作者,長庚學校財團法人長庚科技大學、長庚大學、高雄醫學大學,本校、其他學校或機構、其他學校或機構,2023/09/13,2038/11/09,德國專利局,EP876933
166137,112,學校,4444,健康產業科技研究所,黃聰龍,專任,續聘,"MOST1042320B255004MY3, MOST1062320B255003MY3, MOST1072320B037013",NEUTROPHIL INFLAMMATION INHIBITOR AND USES THEREOF /嗜中性白血球發炎抑制劑及其用途(FR),國外(不含美國),發明專利,,已核准,,第一作者,長庚學校財團法人長庚科技大學、長庚大學、高雄醫學大學,本校、其他學校或機構、其他學校或機構,2023/09/13,2038/11/09,法國專利局,EP876933
164247,112,學校,1534,通識教育中心,高幸利,專任,續聘,無,高齡者踏步訓練裝置,國內,發明專利,,已核准,,第四(以上)作者,長庚學校財團法人長庚科技大學,本校,2023/02/11,2042/06/06,經濟部智慧財產局,I793031
176324,114,學校,3241,嘉義分部護理系,江耀璋,專任,續聘,,血糖試紙盒,國內,發明專利,,已核准,,第一作者,長庚學校財團法人長庚科技大學,本校,2025/04/11,2044/06/11,經濟部智慧財產局,I880776
176344,114,學校,3241,嘉義分部護理系,江耀璋,專任,續聘,,點滴感應監測器,國內,發明專利,,已核准,,第一作者,長庚學校財團法人長庚科技大學,本校,2025/12/01,2044/06/11,經濟部智慧財產局,I906904
176326,114,學校,3241,嘉義分部護理系,林春只,專任,續聘,,壓力感測充氣輪椅,國內,發明專利,,已核准,,第一作者,長庚學校財團法人長庚科技大學,本校,2025/05/21,2044/02/20,經濟部智慧財產局,I884712
176329,114,學校,3241,嘉義分部護理系,林春只,專任,續聘,,利於關節活動的功能床,國內,發明專利,,已核准,,第一作者,長庚學校財團法人長庚科技大學,本校,2025/06/11,2044/05/28,經濟部智慧財產局,I886978
176333,114,學校,3241,嘉義分部護理系,林家惠,專任,續聘,,多功能病床,國內,發明專利,,已核准,,第一作者,長庚學校財團法人長庚科技大學,本校,2025/07/11,2044/06/05,經濟部智慧財產局,I890471
176345,114,學校,3241,嘉義分部護理系,高淑真,專任,續聘,,夾取裝置,國內,發明專利,,已核准,,第一作者,長庚學校財團法人長庚科技大學,本校,2025/11/01,2045/02/13,經濟部智慧財產局,I904010
176334,114,學校,3241,嘉義分部護理系,梁蕙芳,專任,續聘,,收納箱,國內,發明專利,,已核准,,第一作者,長庚學校財團法人長庚科技大學,本校,2025/07/11,2044/03/05,經濟部智慧財產局,I890332
176322,114,學校,3241,嘉義分部護理系,許雅婷,專任,續聘,EZRPF6N0061,深蹲復健裝置,國內,發明專利,,已核准,,第二作者,長庚學校財團法人長庚科技大學,本校,2025/04/11,2044/04/11,經濟部智慧財產局,I880704
176327,114,學校,3241,嘉義分部護理系,郭星君,專任,續聘,,落床監測系統及具有落床監測功能之床體裝置,國內,發明專利,,已核准,,第一作者,長庚學校財團法人長庚科技大學,本校,2025/06/11,2044/04/10,經濟部智慧財產局,I886898
176337,114,學校,3241,嘉義分部護理系,郭星君,專任,續聘,,多功能便利瓶,國內,發明專利,,已核准,,第二作者,長庚學校財團法人長庚科技大學,本校,2025/08/11,2044/02/14,經濟部智慧財產局,I893649
176339,114,學校,3241,嘉義分部護理系,郭星君,專任,續聘,,魚腥草之經甲醇萃取的產物在改善腎臟發炎上的用途,國內,發明專利,,已核准,,第一作者,長庚學校財團法人長庚科技大學,本校,2025/09/21,2043/03/21,經濟部智慧財產局,I898194
176332,114,學校,3241,嘉義分部護理系,郭嘉琪,專任,續聘,,傘具,國內,發明專利,,已核准,,第二作者,長庚學校財團法人長庚科技大學,本校,2025/06/11,2044/08/14,經濟部智慧財產局,I887087
176338,114,學校,3241,嘉義分部護理系,陳亭余,專任,續聘,,自動整髮裝置,國內,發明專利,,已核准,,第一作者,長庚學校財團法人長庚科技大學,本校,2025/08/11,2044/08/27,經濟部智慧財產局,I893965
176325,114,學校,3241,嘉義分部護理系,曾資蓉,專任,續聘,,易摺邊之膠帶台,國內,發明專利,,已核准,,第二作者,長庚學校財團法人長庚科技大學,本校,2025/05/21,2044/01/24,經濟部智慧財產局,I884691
176335,114,學校,3241,嘉義分部護理系,黃淑倫,專任,續聘,,智慧感壓顯影系統,國內,發明專利,,已核准,,第一作者,長庚學校財團法人長庚科技大學,本校,2025/08/11,2044/03/03,經濟部智慧財產局,I893685
176320,114,學校,3241,嘉義分部護理系,黃靜鳳,專任,續聘,,紗布包,國內,發明專利,,已核准,,第二作者,長庚學校財團法人長庚科技大學,本校,2025/02/11,2044/04/01,經濟部智慧財產局,I873007
176343,114,學校,3241,嘉義分部護理系,黃靜鳳,專任,續聘,,注射藥物之混合器,國內,發明專利,,已核准,,第四(以上)作者,長庚學校財團法人長庚科技大學,本校,2025/09/21,2043/11/16,經濟部智慧財產局,I898325
176342,114,學校,3241,嘉義分部護理系,劉瓊玫,專任,續聘,,注射藥物之混合器,國內,發明專利,,已核准,,第一作者,長庚學校財團法人長庚科技大學,本校,2025/09/21,2043/11/16,經濟部智慧財產局,I898325
176319,114,學校,3241,嘉義分部護理系,潘美玉,專任,續聘,,紗布包,國內,發明專利,,已核准,,第一作者,長庚學校財團法人長庚科技大學,本校,2025/02/11,2044/04/01,經濟部智慧財產局,I873007
176318,114,學校,3241,嘉義分部護理系,蔡淑玲,專任,續聘,,灌食控制裝置,國內,發明專利,,已核准,,第一作者,長庚學校財團法人長庚科技大學,本校,2025/01/01,2044/06/24,經濟部智慧財產局,I869306
176328,114,學校,3241,嘉義分部護理系,鄧志娟,專任,續聘,,落床監測系統及具有落床監測功能之床體裝置,國內,發明專利,,已核准,,第二作者,長庚學校財團法人長庚科技大學,本校,2025/06/11,2044/04/10,經濟部智慧財產局,I886898
176336,114,學校,3241,嘉義分部護理系,鄧志娟,專任,續聘,,多功能便利瓶,國內,發明專利,,已核准,,第一作者,長庚學校財團法人長庚科技大學,本校,2025/08/11,2044/02/14,經濟部智慧財產局,I893649
176340,114,學校,3241,嘉義分部護理系,鄧志娟,專任,續聘,,魚腥草之經甲醇萃取的產物在改善腎臟發炎上的用途,國內,發明專利,,已核准,,第二作者,長庚學校財團法人長庚科技大學,本校,2025/09/21,2043/03/21,經濟部智慧財產局,I898194
176341,114,學校,3241,嘉義分部護理系,謝孟樵,兼任,續聘,,魚腥草之經甲醇萃取的產物在改善腎臟發炎上的用途,國內,發明專利,,已核准,,第三作者,長庚學校財團法人長庚科技大學,本校,2025/09/21,2043/03/21,經濟部智慧財產局,I898194
176330,114,學校,3241,嘉義分部護理系,謝靜秀,專任,續聘,,復健桌,國內,設計專利,,已核准,,第一作者,長庚學校財團法人長庚科技大學,本校,2025/06/11,2039/08/25,經濟部智慧財產局,D238804
176331,114,學校,3241,嘉義分部護理系,謝靜秀,專任,續聘,,傘具,國內,發明專利,,已核准,,第一作者,長庚學校財團法人長庚科技大學,本校,2025/06/11,2044/08/14,經濟部智慧財產局,I887087
176321,114,學校,3241,嘉義分部護理系,蘇清菁,專任,續聘,EZRPF6N0061,深蹲復健裝置,國內,發明專利,,已核准,,第一作者,長庚學校財團法人長庚科技大學,本校,2025/04/11,2044/04/11,經濟部智慧財產局,I880704
176323,114,學校,3241,嘉義分部護理系,蘇清菁,專任,續聘,,腿部復健裝置,國內,發明專利,,已核准,,第一作者,長庚學校財團法人長庚科技大學,本校,2025/04/11,2044/04/01,經濟部智慧財產局,I880703
168870,113,學校,3241,嘉義分部護理系,江耀璋,專任,續聘,,移動型冰熱敷裝置,國內,發明專利,,已核准,,第一作者,長庚學校財團法人長庚科技大學,本校,2024/05/21,2043/11/01,經濟部智慧財產局,I843674
168890,113,學校,3241,嘉義分部護理系,江耀璋,專任,續聘,,膠台裝置,國內,發明專利,,已核准,,第一作者,長庚學校財團法人長庚科技大學,本校,2024/12/01,2043/10/25,經濟部智慧財產局,I865130
168860,113,學校,3241,嘉義分部護理系,林春只,專任,續聘,,被動式復健輔助系統,國內,發明專利,,已核准,,第一作者,長庚學校財團法人長庚科技大學,本校,2024/03/01,2043/03/05,經濟部智慧財產局,I834513
168882,113,學校,3241,嘉義分部護理系,林家惠,專任,續聘,,點滴管捲收裝置,國內,發明專利,,已核准,,第一作者,長庚學校財團法人長庚科技大學,本校,2024/10/01,2043/11/20,經濟部智慧財產局,I857860
168878,113,學校,3241,嘉義分部護理系,洪瑞鎂,專任,續聘,,肢體冷熱敷裝置,國內,發明專利,,已核准,,第一作者,長庚學校財團法人長庚科技大學,本校,2024/07/11,2044/02/20,經濟部智慧財產局,I848890
168885,113,學校,3241,嘉義分部護理系,洪嫦巧,專任,續聘,,靜脈留置針,國內,設計專利,,已核准,,第一作者,長庚學校財團法人長庚科技大學,本校,2024/10/01,2039/01/24,經濟部智慧財產局,D233972
168856,113,學校,3241,嘉義分部護理系,高月梅,專任,續聘,,奶嘴紫消燈,國內,發明專利,,已核准,,第二作者,長庚學校財團法人長庚科技大學,本校,2024/02/21,2042/12/20,經濟部智慧財產局,I833512
168883,113,學校,3241,嘉義分部護理系,高月梅,專任,續聘,,尿液收集裝置(一),國內,設計專利,,已核准,,第一作者,長庚學校財團法人長庚科技大學,本校,2024/10/01,2039/01/24,經濟部智慧財產局,D233973
168884,113,學校,3241,嘉義分部護理系,高月梅,專任,續聘,,尿液收集裝置(二),國內,設計專利,,已核准,,第一作者,長庚學校財團法人長庚科技大學,本校,2024/10/01,2039/01/24,經濟部智慧財產局,D233974
168854,113,學校,3241,嘉義分部護理系,高淑真,專任,續聘,,手部復健副木,國內,發明專利,,已核准,,第一作者,長庚學校財團法人長庚科技大學,本校,2024/01/21,2043/05/01,經濟部智慧財產局,I830663
168853,113,學校,3241,嘉義分部護理系,梁蕙芳,專任,續聘,,智能輸液回沖裝置,國內,發明專利,,已核准,,第一作者,長庚學校財團法人長庚科技大學,本校,2024/01/21,2043/03/07,經濟部智慧財產局,I830620
168867,113,學校,3241,嘉義分部護理系,郭星君,專任,續聘,,智慧給藥杯,國內,設計專利,,已核准,,第一作者,長庚學校財團法人長庚科技大學,本校,2024/05/21,2038/08/06,經濟部智慧財產局,D231417
168893,113,學校,3241,嘉義分部護理系,郭星君,專任,續聘,,西洋蒲公英根之經甲醇萃取的產物在改善腎臟發炎上的用途,國內,發明專利,,已核准,,第一作者,長庚學校財團法人長庚科技大學,本校,2024/12/01,2043/07/31,經濟部智慧財產局,I864926
168859,113,學校,3241,嘉義分部護理系,郭雅雯,專任,續聘,,手部運動訓練裝置,國內,發明專利,,已核准,,第二作者,長庚學校財團法人長庚科技大學,本校,2024/03/01,2043/03/24,經濟部智慧財產局,I834528
168889,113,學校,3241,嘉義分部護理系,陳亭余,專任,續聘,,兩用的藥物處理裝置,國內,發明專利,,已核准,,第一作者,長庚學校財團法人長庚科技大學,本校,2024/11/01,2044/03/26,經濟部智慧財產局,I860956
168865,113,學校,3241,嘉義分部護理系,陳清惠,專任,續聘,,繃帶,國內,設計專利,,已核准,,第一作者,長庚學校財團法人長庚科技大學,本校,2024/03/01,2037/10/13,經濟部智慧財產局,D230205
168851,113,學校,3241,嘉義分部護理系,曾資蓉,專任,續聘,,手錶型膠帶台,國內,發明專利,,已核准,,第一作者,長庚學校財團法人長庚科技大學,本校,2024/01/21,2043/05/28,經濟部智慧財產局,I830671
168864,113,學校,3241,嘉義分部護理系,曾資蓉,專任,續聘,,具有拐杖功能之護欄,國內,發明專利,,已核准,,第一作者,長庚學校財團法人長庚科技大學,本校,2024/03/01,2043/01/11,經濟部智慧財產局,I834478
168896,113,學校,3241,嘉義分部護理系,辜漢章,專任,續聘,,涼感手套,國內,設計專利,,已核准,,第一作者,長庚學校財團法人長庚科技大學,本校,2024/12/01,2039/04/28,經濟部智慧財產局,D235210
168871,113,學校,3241,嘉義分部護理系,黃淑倫,專任,續聘,,傷口照護裝置,國內,發明專利,,已核准,,第一作者,長庚學校財團法人長庚科技大學,本校,2024/06/21,2043/08/03,經濟部智慧財產局,I846557
168888,113,學校,3241,嘉義分部護理系,黃靜鳳,專任,續聘,,可收納式拐杖,國內,發明專利,,已核准,,第二作者,長庚學校財團法人長庚科技大學,本校,2024/11/01,2043/09/21,經濟部智慧財產局,I860847
168892,113,學校,3241,嘉義分部護理系,劉美君,專任,續聘,,機器人,國內,設計專利,,已核准,,第二作者,長庚學校財團法人長庚科技大學,本校,2024/12/01,2039/03/26,經濟部智慧財產局,D235186
168872,113,學校,3241,嘉義分部護理系,劉瓊玫,專任,續聘,,會陰沖洗瓶,國內,設計專利,,已核准,,第一作者,長庚學校財團法人長庚科技大學,本校,2024/06/21,2038/09/25,經濟部智慧財產局,D231898
168873,113,學校,3241,嘉義分部護理系,劉瓊玫,專任,續聘,,膝關節護理套,國內,設計專利,,已核准,,第一作者,長庚學校財團法人長庚科技大學,本校,2024/06/21,2038/09/25,經濟部智慧財產局,D231899
168874,113,學校,3241,嘉義分部護理系,劉瓊玫,專任,續聘,,急救用之頭部固定枕,國內,發明專利,,已核准,,第一作者,長庚學校財團法人長庚科技大學,本校,2024/06/21,2043/11/16,經濟部智慧財產局,I846644
168875,113,學校,3241,嘉義分部護理系,劉瓊玫,專任,續聘,,頭圍帽,國內,設計專利,,已核准,,第一作者,長庚學校財團法人長庚科技大學,本校,2024/07/11,2038/09/25,經濟部智慧財產局,D232311
168881,113,學校,3241,嘉義分部護理系,劉瓊玫,專任,續聘,,病床床尾板之復健踏板結構,國內,發明專利,,已核准,,第一作者,長庚學校財團法人長庚科技大學,本校,2024/08/11,2044/01/24,經濟部智慧財產局,I852879
168886,113,學校,3241,嘉義分部護理系,劉瓊玫,專任,續聘,,手臂復健器,國內,設計專利,,已核准,,第一作者,長庚學校財團法人長庚科技大學,本校,2024/11/01,2039/01/24,經濟部智慧財產局,D234544
168861,113,學校,3241,嘉義分部護理系,潘美玉,專任,續聘,,具有防外流效果的頭蓋裝置,國內,發明專利,,已核准,,第一作者,長庚學校財團法人長庚科技大學,本校,2024/03/01,2043/03/14,經濟部智慧財產局,I834522
168857,113,學校,3241,嘉義分部護理系,蔡淑玲,專任,續聘,,奶嘴紫消燈,國內,發明專利,,已核准,,第三作者,長庚學校財團法人長庚科技大學,本校,2024/02/21,2042/12/20,經濟部智慧財產局,I833512
168868,113,學校,3241,嘉義分部護理系,鄧志娟,專任,續聘,,多功能洗澡椅,國內,發明專利,,已核准,,第一作者,長庚學校財團法人長庚科技大學,本校,2024/05/21,2043/03/21,經濟部智慧財產局,I843494
168876,113,學校,3241,嘉義分部護理系,鄧志娟,專任,續聘,,複合式血糖機,國內,發明專利,,已核准,,第一作者,長庚學校財團法人長庚科技大學,本校,2024/07/11,2043/11/20,經濟部智慧財產局,I848860
168879,113,學校,3241,嘉義分部護理系,鄧志娟,專任,續聘,,杯子容置座,國內,發明專利,,已核准,,第一作者,長庚學校財團法人長庚科技大學,本校,2024/07/11,2044/02/19,經濟部智慧財產局,I848889
168894,113,學校,3241,嘉義分部護理系,鄧志娟,專任,續聘,,西洋蒲公英根之經甲醇萃取的產物在改善腎臟發炎上的用途,國內,發明專利,,已核准,,第二作者,長庚學校財團法人長庚科技大學,本校,2024/12/01,2043/07/31,經濟部智慧財產局,I864926
168855,113,學校,3241,嘉義分部護理系,謝靜秀,專任,續聘,,奶嘴紫消燈,國內,發明專利,,已核准,,第一作者,長庚學校財團法人長庚科技大學,本校,2024/02/21,2042/12/20,經濟部智慧財產局,I833512
168862,113,學校,3241,嘉義分部護理系,謝靜秀,專任,續聘,,數位式體溫計,國內,發明專利,,已核准,,第一作者,長庚學校財團法人長庚科技大學,本校,2024/03/01,2042/11/07,經濟部智慧財產局,I834375
168866,113,學校,3241,嘉義分部護理系,謝靜秀,專任,續聘,,猜拳機組,國內,設計專利,,已核准,,第一作者,長庚學校財團法人長庚科技大學,本校,2024/04/11,2038/06/18,經濟部智慧財產局,D230801
168887,113,學校,3241,嘉義分部護理系,謝靜秀,專任,續聘,,可收納式拐杖,國內,發明專利,,已核准,,第一作者,長庚學校財團法人長庚科技大學,本校,2024/11/01,2043/09/21,經濟部智慧財產局,I860847
168895,113,學校,3241,嘉義分部護理系,謝靜秀,專任,續聘,,可爬樓梯的三輪車,國內,發明專利,,已核准,,第一作者,長庚學校財團法人長庚科技大學,本校,2024/12/01,2043/09/19,經濟部智慧財產局,I865054
168852,113,學校,3241,嘉義分部護理系,蘇清菁,專任,續聘,,點滴架,國內,發明專利,,已核准,,第一作者,長庚學校財團法人長庚科技大學,本校,2024/01/21,2042/10/16,經濟部智慧財產局,I830441
168858,113,學校,3241,嘉義分部護理系,蘇清菁,專任,續聘,,手部運動訓練裝置,國內,發明專利,,已核准,,第一作者,長庚學校財團法人長庚科技大學,本校,2024/03/01,2043/03/24,經濟部智慧財產局,I834528
168891,113,學校,3241,嘉義分部護理系,蘇清菁,專任,續聘,,機器人,國內,設計專利,,已核准,,第一作者,長庚學校財團法人長庚科技大學,本校,2024/12/01,2039/03/26,經濟部智慧財產局,D235186
168863,113,學校,3932,通識教育學科,鄭賀珍,專任,續聘,,數位式體溫計,國內,發明專利,,已核准,,第三作者,長庚學校財團法人長庚科技大學,本校,2024/03/01,2042/11/07,經濟部智慧財產局,I834375
168869,113,學校,3932,通識教育學科,鄭賀珍,專任,續聘,,多功能洗澡椅,國內,發明專利,,已核准,,第二作者,長庚學校財團法人長庚科技大學,本校,2024/05/21,2043/03/21,經濟部智慧財產局,I843494
168877,113,學校,3932,通識教育學科,鄭賀珍,專任,續聘,,複合式血糖機,國內,發明專利,,已核准,,第二作者,長庚學校財團法人長庚科技大學,本校,2024/07/11,2043/11/20,經濟部智慧財產局,I848860
168880,113,學校,3932,通識教育學科,鄭賀珍,專任,續聘,,杯子容置座,國內,發明專利,,已核准,,第二作者,長庚學校財團法人長庚科技大學,本校,2024/07/11,2044/02/19,經濟部智慧財產局,I848889
164336,112,學校,3352,呼吸照護系,杜美蓮,專任,續聘,無,緩釋型氣霧吸入器省力裝置,國內,發明專利,,已核准,,第一作者,長庚學校財團法人長庚科技大學,本校,2023/12/01,2043/02/23,經濟部智慧財產局,I824942
164308,112,學校,3352,呼吸照護系,紀妙青,專任,續聘,無,磨藥裝置,國內,發明專利,,已核准,,第一作者,長庚學校財團法人長庚科技大學,本校,2023/02/11,2041/11/24,經濟部智慧財產局,I792718
166191,112,學校,3241,嘉義分部護理系,江耀璋,專任,續聘,無,使用一包含有薑黃素以及聚乙烯吡咯烷酮的組成物來對抗金黃色葡萄球菌的生物膜,國內,發明專利,,已核准,,第二作者,長庚學校財團法人長庚科技大學,本校,2023/05/01,2040/01/09,經濟部智慧財產局,I800707
166190,112,學校,3241,嘉義分部護理系,李江文,專任,續聘,無,使用一包含有薑黃素以及聚乙烯吡咯烷酮的組成物來對抗金黃色葡萄球菌的生物膜,國內,發明專利,,已核准,,第一作者,長庚學校財團法人長庚科技大學,本校,2023/05/01,2040/01/09,經濟部智慧財產局,I800707
164315,112,學校,3241,嘉義分部護理系,洪瑞鎂,專任,續聘,無,棉花棒輸出裝置,國內,發明專利,,已核准,,第四(以上)作者,長庚學校財團法人長庚科技大學,本校,2023/06/21,2042/06/14,經濟部智慧財產局,I806662
164317,112,學校,3241,嘉義分部護理系,洪瑞鎂,專任,續聘,無,氧氣流量計,國內,設計專利,,已核准,,第一作者,長庚學校財團法人長庚科技大學,本校,2023/06/21,2037/11/16,經濟部智慧財產局,D226060
164330,112,學校,3241,嘉義分部護理系,洪嫦巧,專任,續聘,無,防嗆吸管結構,國內,發明專利,,已核准,,第一作者,長庚學校財團法人長庚科技大學,本校,2023/11/11,2043/01/11,經濟部智慧財產局,I822558
164314,112,學校,3241,嘉義分部護理系,高淑真,專任,續聘,無,棉花棒輸出裝置,國內,發明專利,,已核准,,第一作者,長庚學校財團法人長庚科技大學,本校,2023/06/21,2042/06/14,經濟部智慧財產局,I806662
164321,112,學校,3241,嘉義分部護理系,高淑真,專任,續聘,無,改良頸部固定裝置,國內,發明專利,,已核准,,第一作者,長庚學校財團法人長庚科技大學,本校,2023/09/21,2041/10/20,經濟部智慧財產局,I816200
164325,112,學校,3241,嘉義分部護理系,郭星君,專任,續聘,無,膠帶裝置,國內,發明專利,,已核准,,第一作者,長庚學校財團法人長庚科技大學,本校,2023/10/11,2043/03/05,經濟部智慧財產局,I818875
164316,112,學校,3241,嘉義分部護理系,郭雅雯,專任,續聘,無,智能桌遊教具,國內,發明專利,,已核准,,第一作者,長庚學校財團法人長庚科技大學,本校,2023/06/21,2042/08/02,經濟部智慧財產局,I806727
164319,112,學校,3241,嘉義分部護理系,郭雅雯,專任,續聘,無,智能針頭收集裝置,國內,發明專利,,已核准,,第一作者,長庚學校財團法人長庚科技大學,本校,2023/08/01,2042/02/22,經濟部智慧財產局,I810823
164331,112,學校,3241,嘉義分部護理系,郭雅雯,專任,續聘,無,智能偵測氣墊床,國內,發明專利,,已核准,,第一作者,長庚學校財團法人長庚科技大學,本校,2023/11/11,2043/03/13,經濟部智慧財產局,I822609
164333,112,學校,3241,嘉義分部護理系,郭雅雯,專任,續聘,無,口腔肌力訓練裝置,國內,發明專利,,已核准,,第一作者,長庚學校財團法人長庚科技大學,本校,2023/11/11,2043/03/13,經濟部智慧財產局,I822608
164339,112,學校,3241,嘉義分部護理系,郭雅雯,專任,續聘,無,多功能運動椅,國內,發明專利,,已核准,,第二作者,長庚學校財團法人長庚科技大學,本校,2023/12/01,2043/04/26,經濟部智慧財產局,I824967
164324,112,學校,3241,嘉義分部護理系,陳清惠,專任,續聘,無,垂足運動鞋,國內,設計專利,,已核准,,第一作者,長庚學校財團法人長庚科技大學,本校,2023/10/11,2037/10/13,經濟部智慧財產局,D227955
164311,112,學校,3241,嘉義分部護理系,黃淑倫,專任,續聘,無,擦拭裝置,國內,發明專利,,已核准,,第一作者,長庚學校財團法人長庚科技大學,本校,2023/05/21,2042/05/30,經濟部智慧財產局,I803332
164328,112,學校,3241,嘉義分部護理系,黃靜鳳,專任,續聘,無,抽痰器模擬教具,國內,設計專利,,已核准,,第一作者,長庚學校財團法人長庚科技大學,本校,2023/10/11,2038/01/11,經濟部智慧財產局,D228002
164309,112,學校,3241,嘉義分部護理系,劉瓊玫,專任,續聘,無,洗澡架,國內,設計專利,,已核准,,第一作者,長庚學校財團法人長庚科技大學,本校,2023/02/11,2037/02/09,經濟部智慧財產局,D223543
164312,112,學校,3241,嘉義分部護理系,劉瓊玫,專任,續聘,無,針蓋,國內,設計專利,,已核准,,第一作者,長庚學校財團法人長庚科技大學,本校,2023/05/21,2037/09/28,經濟部智慧財產局,D225550
164313,112,學校,3241,嘉義分部護理系,劉瓊玫,專任,續聘,無,止血帶*,國內,設計專利,,已核准,,第一作者,長庚學校財團法人長庚科技大學,本校,2023/05/21,2037/09/28,經濟部智慧財產局,D225549
164327,112,學校,3241,嘉義分部護理系,劉瓊玫,專任,續聘,無,針劑藥物之混合器,國內,發明專利,,已核准,,第一作者,長庚學校財團法人長庚科技大學,本校,2023/10/11,2042/09/28,經濟部智慧財產局,I818754
164329,112,學校,3241,嘉義分部護理系,劉瓊玫,專任,續聘,無,抽痰器模擬教具,國內,設計專利,,已核准,,第二作者,長庚學校財團法人長庚科技大學,本校,2023/10/11,2038/01/11,經濟部智慧財產局,D228002
164310,112,學校,3241,嘉義分部護理系,潘美玉,專任,續聘,無,尿袋包,國內,設計專利,,已核准,,第一作者,長庚學校財團法人長庚科技大學,本校,2023/02/21,2037/04/14,經濟部智慧財產局,D223837
164306,112,學校,3241,嘉義分部護理系,鄧志娟,專任,續聘,無,糞便檢體收集器,國內,設計專利,,已核准,,第一作者,長庚學校財團法人長庚科技大學,本校,2023/02/11,2037/04/26,經濟部智慧財產局,D223613
164323,112,學校,3241,嘉義分部護理系,鄧志娟,專任,續聘,無,輪椅,國內,發明專利,,已核准,,第二作者,長庚學校財團法人長庚科技大學,本校,2023/10/11,2042/10/04,經濟部智慧財產局,I818759
164326,112,學校,3241,嘉義分部護理系,鄧志娟,專任,續聘,無,膠帶裝置,國內,發明專利,,已核准,,第二作者,長庚學校財團法人長庚科技大學,本校,2023/10/11,2043/03/05,經濟部智慧財產局,I818875
164318,112,學校,3241,嘉義分部護理系,謝靜秀,專任,續聘,無,洗澡手套,國內,設計專利,,已核准,,第一作者,長庚學校財團法人長庚科技大學,本校,2023/06/21,2037/11/15,經濟部智慧財產局,D226054
164322,112,學校,3241,嘉義分部護理系,謝靜秀,專任,續聘,無,輪椅,國內,發明專利,,已核准,,第一作者,長庚學校財團法人長庚科技大學,本校,2023/10/11,2042/10/04,經濟部智慧財產局,I818759
164335,112,學校,3241,嘉義分部護理系,謝靜秀,專任,續聘,無,鼻胃管套,國內,設計專利,,已核准,,第一作者,長庚學校財團法人長庚科技大學,本校,2023/12/01,2038/03/24,經濟部智慧財產局,D228835
164337,112,學校,3241,嘉義分部護理系,謝靜秀,專任,續聘,無,含藥水棉花棒包套組與棉花包,國內,發明專利,,已核准,,第一作者,長庚學校財團法人長庚科技大學,本校,2023/12/01,2042/10/05,經濟部智慧財產局,I824759
164320,112,學校,3241,嘉義分部護理系,蘇清菁,專任,續聘,無,智能針頭收集裝置,國內,發明專利,,已核准,,第四(以上)作者,長庚學校財團法人長庚科技大學,本校,2023/08/01,2042/02/22,經濟部智慧財產局,I810823
164332,112,學校,3241,嘉義分部護理系,蘇清菁,專任,續聘,無,智能偵測氣墊床,國內,發明專利,,已核准,,第四(以上)作者,長庚學校財團法人長庚科技大學,本校,2023/11/11,2043/03/13,經濟部智慧財產局,I822609
164334,112,學校,3241,嘉義分部護理系,蘇清菁,專任,續聘,無,口腔肌力訓練裝置,國內,發明專利,,已核准,,第四(以上)作者,長庚學校財團法人長庚科技大學,本校,2023/11/11,2043/03/13,經濟部智慧財產局,I822608
164338,112,學校,3241,嘉義分部護理系,蘇清菁,專任,續聘,無,多功能運動椅,國內,發明專利,,已核准,,第一作者,長庚學校財團法人長庚科技大學,本校,2023/12/01,2043/04/26,經濟部智慧財產局,I824967
164307,112,學校,3932,通識教育學科,鄭賀珍,專任,續聘,無,糞便檢體收集器,國內,設計專利,,已核准,,第二作者,長庚學校財團法人長庚科技大學,本校,2023/02/11,2037/04/26,經濟部智慧財產局,D223613
